,Cluster,Count,Word
0,0,9,RAINHA
1,0,2,queen
2,0,1,GENTLEMEN
3,0,8,looks
4,0,1,SERVING
5,0,1,MUNDO!
6,0,1,TO
7,0,1,Strut
8,0,1,"entrar,"
9,0,1,Woooooh
10,0,1,ON!!!!
11,0,1,woman
12,0,1,#EMMYS
13,0,1,soltar
14,0,1,da
15,0,29,Laverne
16,0,1,GD
17,0,1,SHES
18,0,1,ON!!!!!
19,0,1,great.
20,0,2,like
21,0,1,"LAVERNE,"
22,0,1,LAVERNE.
23,0,1,LOOK
24,0,1,Angel
25,0,2,always
26,0,1,y'all!!
27,0,2,MUNDO
28,0,1,amazing!
29,0,1,all.
30,0,1,amazing.
31,0,1,Cox!!!
32,0,1,hora
33,0,1,stage!!
34,0,1,favorita.
35,0,1,MINHA
36,0,1,house
37,0,2,DONA
38,0,1,Damn
39,0,1,YASS
40,0,1,what
41,0,1,#emmys
42,0,2,AMO
43,0,1,That
44,0,1,grito
45,0,1,FABULOUS.
46,0,3,IS
47,0,69,#Emmys
48,0,4,rainha
49,0,1,üëèüèæüëèüèæüëèüèæüëèüèæüëèüèæ
50,0,1,boss
51,0,25,LAVERNE
52,0,1,LAVERNE!!!!
53,0,1,RAINHA!!!
54,0,1,que
55,0,1,COOOX
56,0,1,EU
57,0,1,Werk
58,0,1,SLAYS
59,0,1,AND
60,0,1,on
61,0,1,"RAINHA,"
62,0,2,o
63,0,2,DEUSA
64,0,1,LAVERNE!!!!!!!
65,0,1,Laverne!!!!
66,0,1,BILLION
67,0,1,em
68,0,10,COX
69,0,1,LAVERNEEEEE
70,0,1,donaaaaaaaa
71,0,1,"cox,"
72,0,1,pantera
73,0,1,üëèüèª
74,0,1,‚ù§Ô∏è
75,0,1,Rainha
76,0,1,SUPREMA
77,0,1,to
78,0,1,üòçüòçüòç
79,0,1,#EmmyForMaslany
80,0,2,MARAVILHOSA
81,0,1,DAMN
82,0,1,pessoa
83,0,1,poder
84,0,1,LADIES
85,0,1,LaVerne.
86,0,1,Actual
87,0,1,knows
88,0,1,that
89,0,1,STUNNING.
90,0,1,DIVA
91,0,1,BBY
92,0,1,baby
93,0,1,‚ù§Ô∏è‚ù§Ô∏è‚ù§Ô∏è
94,0,2,Olha
95,0,1,√©
96,0,1,QUEEN
97,0,1,mi
98,0,1,laverne
99,0,1,dkkdkfksjzmdjfksudjdjdhsmsbxhsksnssvdjdksljdjdjs
100,0,1,COX!!!!!!!!!!!!!!!!!!!
101,0,1,SO
102,0,1,AAAAA
103,0,1,my
104,0,1,beautiful
105,0,3,DO
106,0,1,RAINHAAAA
107,0,1,Laverne!!
108,0,4,is
109,0,1,it
110,0,1,vou
111,0,1,as
112,0,1,BAE
113,0,1,in
114,0,1,RAINHAAAAAAA
115,0,1,YAAAAASSS
116,0,1,FUCKING
117,0,1,SLAY
118,0,1,how
119,0,1,plena
120,0,2,TE
121,0,1,A
122,0,1,GOOD
123,0,12,Cox
124,0,1,walk.
125,0,1,diva
126,0,1,BERRANDO
127,0,6,a
128,0,1,&lt;3
129,0,1,Goooooddddd!!
130,0,1,Maravilhosa
131,0,1,bucks!
132,0,1,"Cox,"
133,0,1,aiiiiiiiii
134,0,2,the
135,0,1,Cox!
136,0,1,usual
137,1,1,limited
138,1,1,LIFE
139,1,1,@billyeichner
140,1,1,forget
141,1,1,Pemakaian
142,1,1,better.
143,1,5,all
144,1,1,ever:
145,1,1,scheming
146,1,1,follow
147,1,1,hate
148,1,1,children
149,1,1,carpet
150,1,1,up.
151,1,1,chovendo
152,1,3,tu
153,1,1,otra
154,1,1,igual
155,1,1,pin.#Emmys
156,1,1,td
157,1,1,te
158,1,1,worth
159,1,1,serenidade
160,1,1,casa.
161,1,1,estaba
162,1,1,worse
163,1,2,far
164,1,1,fav
165,1,1,chips.
166,1,1,every
167,1,1,#JonStewart
168,1,1,fab
169,1,10,I'm
170,1,1,enjoyable
171,1,1,S√£o
172,1,5,est√°
173,1,1,parrot
174,1,1,list
175,1,1,Nadie
176,1,1,reminding
177,1,2,√©
178,1,2,red
179,1,1,Go
180,1,1,"Ok,"
181,1,1,#BestCall
182,1,1,wach.
183,1,1,https://t.co/RghZ2xh1uE
184,1,1,TTs
185,1,1,pas√≥
186,1,2,IndiHome
187,1,1,#objetivoAcosoEscolar
188,1,2,#EmmyAwards
189,1,1,Beyonces
190,1,1,teu
191,1,3,even
192,1,1,juicio
193,1,1,what
194,1,2,sua
195,1,1,tonight's
196,1,1,090008
197,1,1,Emmy!
198,1,1,telefilme
199,1,1,ÿ®ŸàŸÑÿ≥ŸàŸÜ
200,1,1,new
201,1,1,costume......
202,1,1,ever
203,1,1,t√°
204,1,1,BABE
205,1,1,Samberg?
206,1,1,*Se
207,1,1,Meter.
208,1,1,never
209,1,2,here
210,1,1,meu
211,1,1,@ScandalABC
212,1,1,amazing!!
213,1,1,#sexy
214,1,1,#Emmys‚Äô
215,1,1,samberg
216,1,1,https://t.co/twmxGuHXDR
217,1,1,kids
218,1,2,Clark
219,1,1,#OITNB
220,1,1,Absolutely
221,1,3,@kerrywashington
222,1,5,#Emmys.
223,1,1,https://t.co/Iu9ejK7LPk
224,1,2,hubiera
225,1,1,congratulations!!!!
226,1,1,Atriz
227,1,2,#Emmys?
228,1,1,via
229,1,1,L√°
230,1,1,@mattdamon_
231,1,1,Things
232,1,1,Clarke
233,1,2,Viendo
234,1,1,ÿßŸÑŸâ-ÿ≥ÿßÿ±Ÿá
235,1,1,"YES,"
236,1,1,"""The"
237,1,1,story.
238,1,1,ÿπÿßÿ±Ÿäÿ©:
239,1,1,Categoria
240,1,1,eye
241,1,1,would
242,1,36,to
243,1,5,@LastWeekTonight
244,1,1,üëåüèªüíïüëåüèªüíïüôÉüò©
245,1,1,#CuartoMilenio
246,1,1,tele
247,1,3,gorgeous
248,1,3,more
249,1,1,atestado
250,1,1,holy
251,1,1,BACK!!!!!!!!!!
252,1,1,award
253,1,3,American
254,1,2,En
255,1,9,So
256,1,1,https://t.co/rAUuAQK5q9
257,1,1,i'm
258,1,1,semana.
259,1,1,VEM
260,1,1,–¥–∂–∏–º–º–∏
261,1,1,fanfics
262,1,3,glad
263,1,4,me
264,1,1,word
265,1,2,hour
266,1,1,work
267,1,1,mi
268,1,1,Tonight
269,1,1,minhas
270,1,1,Gabby
271,1,1,ON
272,1,7,my
273,1,1,Funny
274,1,1,STUNNING!!
275,1,1,La
276,1,1,iamjohnoliver
277,1,1,@THR
278,1,4,Courtney
279,1,1,üòòüòò
280,1,1,Carpet!
281,1,1,https://t.co/76yxLzJXOf
282,1,1,Lord
283,1,1,Goggins
284,1,4,!
285,1,1,huge
286,1,1,needs
287,1,1,end
288,1,1,awkward
289,1,1,Watching
290,1,1,"bank"""
291,1,2,how
292,1,2,#ThePeoplevOJSimpson
293,1,1,win.
294,1,1,party
295,1,1,buenos
296,1,1,Kat
297,1,2,win!
298,1,1,https://t.co/wvOk1BZwSo
299,1,11,A
300,1,1,it!!
301,1,8,@jimmykimmel
302,1,1,okay
303,1,1,Lucas
304,1,1,after
305,1,1,demanding
306,1,1,atua√ß√£o
307,1,4,n√£o
308,1,1,president
309,1,29,a
310,1,1,https://t.co/qZgsI1k1f8
311,1,1,wins
312,1,1,#Lemonade
313,1,1,QU√â
314,1,1,worst
315,1,1,@enews
316,1,1,playing
317,1,2,aguento
318,1,2,What
319,1,1,#VicePrincipals
320,1,4,don't
321,1,1,over
322,1,1,trade
323,1,1,ok!
324,1,1,tomorrow.
325,1,1,NOMINADO
326,1,1,"down,"
327,1,1,#rai4
328,1,1,PADRASTO
329,1,1,ngelawak
330,1,1,before
331,1,1,24
332,1,1,25
333,1,1,Full
334,1,1,PRA
335,1,1,call
336,1,1,What's
337,1,1,beyonce
338,1,2,","
339,1,4,Here
340,1,1,crew
341,1,2,better
342,1,1,#TheFunniest
343,1,1,#2soon
344,1,1,@VeepHBO
345,1,1,bout
346,1,1,2)
347,1,1,them
348,1,1,someone
349,1,2,yo
350,1,1,"""ŸÑŸÇÿØ"
351,1,1,-ÿ±ÿ¶Ÿäÿ≥Ÿä-ŸÅŸä
352,1,1,it!
353,1,1,Bae
354,1,1,Tambor
355,1,1,they
356,1,1,...yes!
357,1,1,JIMBERLAKE
358,1,2,gets
359,1,2,always
360,1,1,awful?
361,1,1,did
362,1,1,went
363,1,3,out
364,1,1,bone
365,1,1,everyone
366,1,1,BEYONCE.
367,1,1,https://t.co/svosAootdO
368,1,1,series
369,1,1,#4Trends
370,1,1,"@Lavernecox,"
371,1,1,toda
372,1,1,logo
373,1,1,harington
374,1,1,todo
375,1,1,house?
376,1,1,comerciais
377,1,1,trending
378,1,1,PREGNANT
379,1,1,since
380,1,1,Haha
381,1,1,@AHSFX
382,1,1,https://t.co/8qHYcIoqZZ
383,1,1,promo
384,1,1,#Emmys..........i'll
385,1,1,UH
386,1,1,MITE.
387,1,1,Dios
388,1,1,got
389,1,1,l'infermiera
390,1,1,https://t.co/G3QcZwwmOy
391,1,1,EN
392,1,1,Join
393,1,1,EH
394,1,1,üèÜ@iamjohnoliver
395,1,1,timeline
396,1,1,laverneeee!!!
397,1,1,imagina
398,1,1,garing
399,1,1,BEYOND
400,1,1,ER
401,1,1,Beautiful!!!
402,1,1,El
403,1,1,https://t.co/5wk3e6NBAE
404,1,1,Ugh
405,1,1,Congratulation
406,1,4,People
407,1,1,starts
408,1,2,go!
409,1,1,üòÇüòÇüòÇ
410,1,1,maravilhosa!!!
411,1,3,gui√≥n
412,1,1,TIME
413,1,1,looks...
414,1,1,imensa
415,1,1,already
416,1,1,guac
417,1,1,Espa√±a
418,1,1,intolerable.
419,1,1,feel
420,1,1,left?!
421,1,1,done
422,1,1,Congratulations!
423,1,1,Long-time
424,1,2,CAD√ä
425,1,1,#NoLongerASingleIncomeFamily
426,1,1,Eating
427,1,2,categor√≠a
428,1,2,top
429,1,1,Cek
430,1,1,assistindo
431,1,1,ton
432,1,1,"muler?"""
433,1,1,(solo
434,1,1,Archie
435,1,2,B
436,1,6,para
437,1,1,@OnTheRedCarpet
438,1,2,BEYONCE
439,1,1,took
440,1,1,"Wait,"
441,1,2,believe
442,1,1,schon
443,1,1,white
444,1,1,SHIT
445,1,1,MAAAAAAE
446,1,1,king
447,1,1,sheeple.
448,1,1,Set
449,1,1,https://t.co/hEsKCDC4QE
450,1,1,night.
451,1,1,LAVERNEEEEE!!!
452,1,1,@itsgabrielleu
453,1,1,deserving
454,1,1,Gane
455,1,1,feeling
456,1,6,DEUS
457,1,6,Oliver
458,1,1,@Bloodline
459,1,2,Angela
460,1,1,assistir
461,1,1,ŸÖŸÖÿ´ŸÑŸá
462,1,1,advising
463,1,1,measure!
464,1,1,"do,"
465,1,1,ŸÖÿ≥ŸÑÿ≥ŸÑ
466,1,3,-
467,1,9,Kit
468,1,1,also
469,1,1,recognizing
470,1,1,do?
471,1,1,mam√°
472,1,1,performance!
473,1,1,With
474,1,4,BEYONC√â
475,1,1,LENA
476,1,1,honey.
477,1,1,nothing
478,1,7,The
479,1,1,hero√≠na
480,1,1,Bassett
481,1,2,&lt;3
482,1,1,minha
483,1,1,"yeah,"
484,1,1,definitely
485,1,6,#mattdamon
486,1,1,ŸÖŸàŸÇÿπŸáÿß
487,1,1,ŸàŸÜÿ¥ÿ±
488,1,1,came
489,1,1,saying
490,1,1,RAINHA
491,1,1,O.
492,1,1,hist√≥ria
493,1,1,ALRIGHT
494,1,1,PAI
495,1,1,https://t.co/BSd1yqwwOA
496,1,1,Hat
497,1,1,Bin
498,1,1,Frontal
499,1,1,Fave
500,1,1,such
501,1,2,NEXT
502,1,1,moments
503,1,1,Base
504,1,2,#MattDamon
505,1,1,#ClaireDanes
506,1,1,üêùüêùüêùüêùüêùüêù#Emmys
507,1,1,OH!
508,1,8,do
509,1,1,his
510,1,1,OFF
511,1,1,di
512,1,1,dg
513,1,10,@iamjohnoliver
514,1,4,watch
515,1,5,da
516,1,1,https://t.co/S26HMpUyll
517,1,1,ŸÖÿ≥ŸÑÿ≥ŸÑ-ŸÇÿµŸäÿ±-
518,1,1,15
519,1,1,WHERE
520,1,1,distraction
521,1,1,individuo
522,1,1,https://t.co/6F4DpKc0zL
523,1,1,https://t.co/SyRKrwArBm
524,1,1,Outstanding
525,1,1,Agent
526,1,1,J.
527,1,1,laverneeee!
528,1,1,partible
529,1,1,wifey
530,1,1,For
531,1,1,#Emmys2016:
532,1,1,Per
533,1,1,Schumer
534,1,1,decided
535,1,1,Variedad
536,1,8,are
537,1,1,SUCH
538,1,10,John
539,1,3,best
540,1,5,CATEGORIA
541,1,1,tatiana
542,1,1,#
543,1,1,#GreaseLive
544,1,1,God.
545,1,1,away
546,1,1,snubbed.
547,1,2,please
548,1,1,https://t.co/gUDZpiJF09
549,1,5,won
550,1,1,atua
551,1,9,win
552,1,9,we
553,1,1,omg
554,1,1,takeover.
555,1,1,#Sexy
556,1,1,Ahora
557,1,1,DANG
558,1,1,LastWeekTonight
559,1,1,ÿßŸÜÿ™ÿ∏ÿ±
560,1,1,https://t.co/HHHdlbUcyr
561,1,1,ÿ¨ŸàŸÜÿ≤
562,1,1,Laverneeeeeeeeeeeeeee
563,1,1,https://t.co/q7QjE2bWq8
564,1,1,mega
565,1,1,"WELL,"
566,1,1,Hard
567,1,1,#womeninfilm
568,1,1,"fan,"
569,1,1,against
570,1,1,anos
571,1,2,una
572,1,1,Sherlock
573,1,2,Yes
574,1,1,#RedCarpet
575,1,1,asked
576,1,1,~`I
577,1,1,#DOUBLEJEOPARY
578,1,1,point
579,1,1,Samberg.
580,1,1,COMMERCIAL
581,1,1,Snow
582,1,1,dudes
583,1,1,25%
584,1,1,tons
585,1,2,premios
586,1,1,Ireland
587,1,1,Online
588,1,1,pra
589,1,1,HeHe
590,1,1,andy
591,1,1,#GOT
592,1,1,googling
593,1,2,now.
594,1,1,LARVENNNN
595,1,1,daa‚ù§Ô∏è
596,1,1,#ABC
597,1,1,three
598,1,1,$300
599,1,1,puta
600,1,1,TAUBAT√â
601,1,1,https://t.co/rOISRQW5Nd
602,1,1,apples!
603,1,1,#emmysporwarner
604,1,1,üôèüèæ
605,1,1,what's
606,1,1,‚ù§Ô∏èüëçüèº
607,1,1,demasiado
608,1,2,HEE
609,1,1,ZERO
610,1,1,Laverne.
611,1,1,#PeoplevsOJSimpson
612,1,1,https://t.co/oT2zHcQYwK
613,1,1,CU
614,1,1,WHERE.
615,1,1,#KerryWashington
616,1,1,ONTO
617,1,1,n
618,1,1,AAAAAAAAA
619,1,1,while
620,1,1,Ojala
621,1,1,slayage
622,1,3,Queen
623,1,29,is
624,1,1,ir
625,1,1,rir
626,1,6,it
627,1,1,HAHSHSHE#Emmys
628,1,1,https://t.co/JlkVguGt07
629,1,4,in
630,1,2,Ok
631,1,5,if
632,1,5,funny
633,1,1,:&lt;
634,1,1,"Talk,"
635,1,1,things
636,1,3,make
637,1,1,"So,"
638,1,2,big
639,1,1,ÿ≥ÿÆÿ±ÿ™
640,1,1,Twitter.
641,1,1,Maybe
642,1,1,kit
643,1,1,!!üíôüíô
644,1,4,moment
645,1,1,https://t.co/vDkw7UL7oy
646,1,1,nada!
647,1,1,characters
648,1,1,YOU
649,1,1,Wanna
650,1,1,he'll
651,1,1,made.
652,1,1,Cmonnnnn
653,1,1,category!!
654,1,1,#spraytan
655,1,1,"Oliver,"
656,1,1,@tatianamaslany
657,1,1,Oliver!
658,1,1,thn
659,1,1,thing.
660,1,6,y
661,1,53,the
662,1,1,left
663,1,1,Sarah
664,1,1,Living
665,1,4,Thank
666,1,3,just
667,1,1,üëèüèºüëèüèº
668,1,1,photo
669,1,1,sporting
670,1,1,ü§¥
671,1,3,Crime
672,1,1,#JuliannaMarguiles
673,1,1,thanks
674,1,1,Notorious
675,1,1,yes
676,1,1,Happy
677,1,3,#EmmysPorWarner
678,1,1,HER
679,1,1,Christopher
680,1,1,Hands
681,1,1,News
682,1,3,has
683,1,1,excited
684,1,1,https://t.co/1boTWGzaC4
685,1,1,On
686,1,1,Last
687,1,3,@HBO
688,1,1,https://t.co/Rrz2nvLCNT
689,1,2,Oh
690,1,1,queso
691,1,1,James
692,1,1,https://t.co/wTsFLCU5sH
693,1,1,possibly
694,1,1,game
695,1,1,god.
696,1,1,YEAR
697,1,1,Emilia
698,1,1,bit
699,1,1,OJ
700,1,1,@JKCorden
701,1,4,Trump
702,1,1,OH
703,1,1,Paulson's
704,1,1,@Beyonce's
705,1,1,#JohnOliver.
706,1,1,5)
707,1,1,Are
708,1,1,OF
709,1,1,gane
710,1,1,amor
711,1,3,right
712,1,5,people
713,1,1,MINHA
714,1,1,watching.
715,1,1,#whosbuyingwhoacar
716,1,1,some
717,1,1,AWARD
718,1,1,enrolar
719,1,1,#sweet16
720,1,1,donald
721,1,5,Andy
722,1,1,election
723,1,1,Ahhh
724,1,1,Fargo
725,1,1,ingl√©s.
726,1,1,"tonight,"
727,1,1,tonight.
728,1,1,Noche
729,1,1,tamb√©m
730,1,21,for
731,1,1,phenomenal
732,1,2,absolutely
733,1,1,OMFGYESSNMFWASCNJCSXDF
734,1,1,nervosa
735,1,1,everything
736,1,1,uma
737,1,1,https://t.co/QE0oEzIp9I
738,1,1,low...
739,1,1,YOUR
740,1,1,"good,"
741,1,3,v.O.J.
742,1,2,good.
743,1,5,He
744,1,6,be
745,1,1,¬øEn
746,1,1,marat√≥n
747,1,2,O
748,1,1,comentar
749,1,1,starring
750,1,1,faith
751,1,4,Harington
752,1,3,deserved
753,1,9,o
754,1,1,üòÇüòÇüòÇ`~
755,1,1,dinner
756,1,1,bgt
757,1,1,esperar
758,1,1,seeing
759,1,1,glorious
760,1,1,#johnoliver
761,1,1,Cux
762,1,1,stop
763,1,1,sou
764,1,1,olhar
765,1,1,Thrones.
766,1,1,"bevakasha!"""
767,1,1,yal!!!!
768,1,1,ŸÑŸäÿ≤ŸÑŸä
769,1,1,stage!
770,1,2,#EmmyForMaslany
771,1,1,why
772,1,1,stuck
773,1,1,logo!
774,1,1,Every
775,1,1,&lt;
776,1,1,Como
777,1,1,sinal
778,1,1,music
779,1,8,was
780,1,1,https://t.co/lJud2hcpbm
781,1,1,ganar√≠a
782,1,2,happy
783,1,1,@TelevisionAcad
784,1,5,Congratulations
785,1,1,Aqui
786,1,2,SLAY
787,1,1,Anda
788,1,1,ganhando
789,1,1,stunning
790,1,1,t√∫?
791,1,1,back
792,1,1,Funniest
793,1,1,seria
794,1,1,"""Most"
795,1,1,https://t.co/WwIOtbdxQC
796,1,1,congratulations
797,1,1,Ever.
798,1,1,todas
799,1,1,Awesome
800,1,1,up
801,1,1,us
802,1,1,um
803,1,1,fica
804,1,1,AMOR
805,1,1,wicked
806,1,1,#Sherlock
807,1,1,lleve
808,1,1,ganhar
809,1,1,Variety
810,1,1,estilo
811,1,4,#EMMYS
812,1,1,@CourtneyBVance
813,1,1,juntos
814,1,1,#outstandinglimitedseries
815,1,2,knows
816,1,3,no
817,1,3,TV
818,1,1,na
819,1,2,commercials
820,1,3,when
821,1,1,@Will_Sn0w
822,1,1,TO
823,1,1,MARAVILHOSAAAAAAAAAAAA
824,1,1,#sports!
825,1,1,‚ù§Ô∏è‚ù§Ô∏è‚ù§Ô∏è‚ù§Ô∏è‚ù§Ô∏è
826,1,1,premiadas
827,1,1,-Jeffrey
828,1,1,TA
829,1,1,Aqu√≠
830,1,2,#JimmyKimmel
831,1,1,'s
832,1,1,Netflix
833,1,1,IT'S
834,1,1,obliga
835,1,2,AN
836,1,1,Darden
837,1,12,"blah,"
838,1,1,Rainhaaaaaaa
839,1,1,@samesmail
840,1,1,acompanho
841,1,1,#WantanNight
842,1,5,e
843,1,1,https://t.co/ISiVN9TO7F
844,1,1,Am
845,1,1,together
846,1,1,back.
847,1,1,OMFG
848,1,1,Wit
849,1,1,presenting
850,1,2,time
851,1,1,tendr√≠a
852,1,1,quer√≠a
853,1,4,#LastWeekTonight
854,1,1,EMMY
855,1,3,OLHA
856,1,1,:)
857,1,1,chain
858,1,1,tonight!
859,1,4,Beyonce
860,1,1,@mikasounds
861,1,1,quero
862,1,1,@Lavernecox!!!!!!!
863,1,2,Gotham
864,1,3,gana
865,1,1,#sundayfunday
866,1,1,go
867,1,1,@iamjohnoliver!
868,1,15,#Emmys2016
869,1,1,ver
870,1,1,¬øY
871,1,2,CONGRATS
872,1,2,ese
873,1,1,@iamjohnoliver.
874,1,1,Chandler/Kit
875,1,2,finally
876,1,1,decir
877,1,1,RAMI
878,1,1,üëè
879,1,1,Now
880,1,1,DRESS
881,1,1,friendly
882,1,1,fuiste
883,1,1,@BastardMachine:
884,1,1,#SofiaVergara
885,1,1,:c
886,1,1,quedarte
887,1,1,dando
888,1,1,theme?
889,1,1,cool
890,1,1,entire
891,1,1,am!!!
892,1,1,#TheStrain
893,1,2,Just
894,1,1,tear
895,1,1,–ø–µ—Ä–µ–æ–¥–µ–ª—Å—è
896,1,1,WILL
897,1,1,entendes
898,1,1,maravilhosos
899,1,1,#VanityFair
900,1,4,Beyonc√©
901,1,1,ridicularizam
902,1,1,says
903,1,1,#Rai4:
904,1,1,üì∫
905,1,1,#EmmyAwards2016
906,1,1,Mulaney
907,1,1,Red
908,1,1,stuff!
909,1,1,PB&amp;J's
910,1,1,carpet.
911,1,1,waiting
912,1,1,Que
913,1,1,goes
914,1,1,QUE
915,1,1,moderno.
916,1,1,@mulaney
917,1,1,Me
918,1,3,Vance
919,1,2,ŸÖŸÜ
920,1,1,lei
921,1,1,slaying
922,1,1,commercial
923,1,1,https://t.co/3PnAckVutB
924,1,1,Robot
925,1,1,Animatronic
926,1,1,melhor
927,1,1,Mr
928,1,4,Emmy
929,1,1,#KennedyCenterHonors
930,1,1,ME
931,1,1,here:
932,1,1,great
933,1,1,https://t.co/T36KN7q1DE
934,1,1,"""Variedades"""
935,1,1,culpa
936,1,1,Back
937,1,1,leaving
938,1,1,3)
939,1,1,Koenig!!
940,1,1,ROCK!!!üèÜ
941,1,3,MY
942,1,1,honor
943,1,1,√çdola
944,1,2,fake
945,1,6,love
946,1,1,It's
947,1,1,#JohnOliver
948,1,1,1st
949,1,1,piadas
950,1,6,&amp;
951,1,1,emmys
952,1,1,use
953,1,1,Taylor's
954,1,1,from
955,1,1,‚Ä¶
956,1,1,qu√©
957,1,3,give
958,1,1,anda
959,1,3,only
960,1,1,ÿßŸÑÿ±ŸäÿßŸÉÿ¥ŸÜÿ≤
961,1,1,@guillermodiazyo
962,1,1,ORANGE
963,1,1,MDS
964,1,3,loving
965,1,1,sort
966,1,2,impress
967,1,4,about
968,1,1,ÿßŸÑŸÖÿ≥ÿ±ÿ≠
969,1,1,HOST
970,1,2,Bey
971,1,1,https://t.co/1oR3W9jVaw
972,1,2,baby
973,1,1,espera
974,1,1,#TWD
975,1,1,tad
976,1,1,voc√™
977,1,1,works
978,1,11,this
979,1,1,ÿ™ÿ∞Ÿáÿ®
980,1,1,PLEASE
981,1,1,fotinhas
982,1,1,big.
983,1,1,can
984,1,1,making
985,1,1,@DifficultOnHulu
986,1,1,proof
987,1,1,trump
988,1,1,noch
989,1,1,lock
990,1,1,didn't
991,1,1,topic
992,1,1,heard
993,1,1,minute!!
994,1,1,morro
995,1,1,RAINHAAAAAAA
996,1,1,Damon
997,1,1,far?
998,1,1,apoyando
999,1,1,Shows
1000,1,1,sit
1001,1,1,Ya
1002,1,1,@JimmyFallon
1003,1,2,Who
1004,1,3,viendo
1005,1,1,need
1006,1,1,entregando
1007,1,1,"""Yes,"
1008,1,1,NOTORIUS
1009,1,1,DRAMAAAA
1010,1,1,instead
1011,1,1,too!!!
1012,1,1,puro
1013,1,1,LOVING
1014,1,1,‚Äú@theoduscrane:
1015,1,1,mas
1016,1,25,de
1017,1,2,falta
1018,1,1,may
1019,1,2,@TheEmmys
1020,1,1,Ugly
1021,1,1,escucharlos
1022,1,1,date
1023,1,1,!!!
1024,1,1,leva
1025,1,2,mal
1026,1,1,Necesito
1027,1,1,Still
1028,1,1,NCR
1029,1,1,One
1030,1,3,q
1031,1,1,year...
1032,1,1,si
1033,1,14,so
1034,1,1,ainda
1035,1,1,paid!
1036,1,2,se
1037,1,1,cute
1038,1,1,https://t.co/RFXfpEpwcG
1039,1,1,@jimmykimmel!
1040,1,1,"Love,"
1041,1,1,Breaking
1042,1,1,midnight
1043,1,2,years
1044,1,2,My
1045,1,4,looks
1046,1,3,during
1047,1,1,Usage
1048,1,1,White
1049,1,2,still
1050,1,1,birds
1051,1,1,RT
1052,1,15,@Lavernecox
1053,1,1,Bassett's
1054,1,2,mais
1055,1,4,la
1056,1,2,lo
1057,1,1,ganhou
1058,1,1,faves
1059,1,3,winning
1060,1,1,üòçüòçüòçüòçüòçüòç
1061,1,1,Sino
1062,1,1,Vance!
1063,1,1,porra
1064,1,1,maia
1065,1,1,won!
1066,1,1,"@beyonce,"
1067,1,2,tweets
1068,1,1,quer√≠as
1069,1,1,Thanks!
1070,1,1,trending....she
1071,1,2,nada
1072,1,1,@amyschumer
1073,1,1,üòπ
1074,1,2,Kyle
1075,1,1,HUUUUUU
1076,1,2,Can
1077,1,1,kiss
1078,1,1,das
1079,1,3,Harrington
1080,1,2,now
1081,1,1,year!
1082,1,1,FIRST
1083,1,1,riccia
1084,1,1,sih
1085,1,1,üòë
1086,1,1,jokes?
1087,1,1,@CourtneyBVance!
1088,1,1,slaaaaayin!
1089,1,1,üòò
1090,1,1,LETS
1091,1,1,ÿµŸàÿ±Ÿáÿß
1092,1,1,üôåüèΩüôåüèΩüôåüèΩüôåüèΩüôåüèΩ
1093,1,2,üòÇ
1094,1,1,üòç
1095,1,1,#didyouwin
1096,1,1,#TheNightManager
1097,1,1,üòâ
1098,1,1,üòä
1099,1,1,bump!
1100,1,6,el
1101,1,15,en
1102,1,1,Luv
1103,1,1,doing
1104,1,1,"tremendo,"
1105,1,1,DONA
1106,1,1,ABC
1107,1,1,SHERLOCK
1108,1,1,ŸÖÿ§ÿÆÿ±ÿ™Ÿä
1109,1,6,eu
1110,1,1,funny.
1111,1,1,girl
1112,1,1,wegen
1113,1,1,Okayyyyyyy
1114,1,4,es
1115,1,1,https://t.co/hWjMiPa5sF
1116,1,2,category
1117,1,1,yes.
1118,1,14,#emmys
1119,1,1,sentiment
1120,1,1,Daqui
1121,1,1,+27%
1122,1,1,ganar
1123,1,1,looking
1124,1,1,poco
1125,1,1,https://t.co/iI9PUvtLj3
1126,1,2,hilarious
1127,1,1,Baby
1128,1,1,WEAVES
1129,1,1,cause
1130,1,1,Jon
1131,1,1,shows
1132,1,1,canal
1133,1,1,yea!
1134,1,1,@mitrakalita
1135,1,1,"stunning,"
1136,1,1,GENTE??
1137,1,1,PALCO
1138,1,1,OSDIO
1139,1,13,que
1140,1,1,besides
1141,1,1,Amazing.
1142,1,1,RAINHAAA
1143,1,1,'Melhor
1144,1,1,could
1145,1,1,ganadora
1146,1,1,thing
1147,1,1,https://t.co/PBnAEcCJvh
1148,1,1,https://t.co/oDgOYfsiBK
1149,1,1,horas
1150,1,5,think
1151,1,1,https://t.co/aCeNMtWRbH
1152,1,1,@MadisonSiriusXM
1153,1,2,Yay
1154,1,1,Ratings
1155,1,1,@julieklausner
1156,1,1,coming
1157,1,3,one
1158,1,1,hahahaha
1159,1,1,How'd
1160,1,1,WANTING
1161,1,1,Hollywood
1162,1,1,√≥bito
1163,1,1,ASS
1164,1,1,doesn't
1165,1,1,√∫nico
1166,1,18,los
1167,1,2,est√°n
1168,1,1,their
1169,1,2,2
1170,1,1,????‚Äù
1171,1,1,Such
1172,1,1,Badass
1173,1,1,concorrendo
1174,1,1,wins?
1175,1,1,you'll
1176,1,7,that
1177,1,1,quando
1178,1,1,plmdds
1179,1,1,ftwd
1180,1,1,@CharoCuchiCuchi
1181,1,1,kween..
1182,1,1,lembro
1183,1,1,Cielos?
1184,1,1,lista
1185,1,1,than
1186,1,1,11
1187,1,4,Love
1188,1,1,16
1189,1,1,meheheheuuh
1190,1,4,see
1191,1,1,#MasterChef
1192,1,1,poder
1193,1,1,#GameOfThrones
1194,1,1,#BRAVO
1195,1,1,IS.
1196,1,1,1)
1197,1,1,https://t.co/y9EVAg2pHZ
1198,1,1,ITS
1199,1,30,and
1200,1,1,DO
1201,1,1,help!üòí
1202,1,1,cobertura
1203,1,1,DE
1204,1,2,DA
1205,1,4,tonight
1206,1,1,hilarious!
1207,1,1,comedian
1208,1,7,have
1209,1,1,DY
1210,1,1,"coming,"
1211,1,1,any
1212,1,1,Do
1213,1,1,mio
1214,1,1,pr√≥cer
1215,1,1,Nada
1216,1,1,hechos
1217,1,3,take
1218,1,1,repeatedly
1219,1,1,Emmy's
1220,1,1,honestly
1221,1,1,Glad
1222,1,1,ŸÉŸäÿ™
1223,1,1,handing
1224,1,1,Off
1225,1,1,Oliver..
1226,1,1,GOD
1227,1,1,"""Sheket"
1228,1,4,who
1229,1,1,HEADEY
1230,1,1,HOLD
1231,1,1,???
1232,1,1,avance
1233,1,1,SURGING!!
1234,1,1,alguno
1235,1,1,Lemonade
1236,1,1,Fuck
1237,1,1,@MITJAmazon
1238,1,1,diva!!!
1239,1,1,talk
1240,1,1,Se√±or
1241,1,1,hear
1242,1,1,SOCOROROROEOLKDKDKSA
1243,1,1,https://t.co/G3KciSBvMr
1244,1,1,alone.
1245,1,1,Matt
1246,1,6,show
1247,1,1,salido
1248,1,1,"fazem,"
1249,1,1,#DBT2GH17
1250,1,1,@JaredLeto
1251,1,1,@BetterCallSaul
1252,1,1,[04:00]
1253,1,1,joke!
1254,1,1,go....
1255,1,1,passando
1256,1,2,@jimmyfallon
1257,1,1,tiro
1258,1,1,GOOOO
1259,1,1,should
1260,1,1,Walton
1261,1,1,tears
1262,1,4,going
1263,1,1,SHERLOCKED
1264,1,11,watching
1265,1,1,DEUSAAAA
1266,1,3,hope
1267,1,1,agree.
1268,1,1,@Beyonce
1269,1,2,get
1270,1,1,Kitten
1271,1,1,#Brilliant!
1272,1,1,Keep
1273,1,2,Laverne
1274,1,1,#MrRobot
1275,1,2,made
1276,1,2,THE
1277,1,1,"""Sexy""!"
1278,1,1,crap!!#Emmys
1279,1,1,deserved!
1280,1,1,‚ù§‚ù§‚ù§
1281,1,1,deserved.
1282,1,1,"deserved,"
1283,1,1,amando
1284,1,1,Sooooooo
1285,1,1,YES
1286,1,3,where
1287,1,1,husband
1288,1,1,frakking
1289,1,1,y'all
1290,1,1,Ps
1291,1,1,one!!
1292,1,1,"Pucha,"
1293,1,1,üòå
1294,1,1,perdendo
1295,1,2,!!!!
1296,1,1,#1
1297,1,1,Enjoying
1298,1,1,PAROUUUUU!!!
1299,1,1,Todos
1300,1,1,ÿ¨ÿßÿ¶ÿ≤Ÿá
1301,1,1,"SLAY,"
1302,1,3,MEU
1303,1,1,best!!!
1304,1,1,far!!
1305,1,1,That
1306,1,2,Beyonc√©'s
1307,1,1,SLAY!
1308,1,1,man!
1309,1,1,written
1310,1,3,un
1311,1,1,sketch?
1312,1,1,between
1313,1,1,#AdeleLiveinNewYorkCity
1314,1,1,pr√™mio
1315,1,1,MARAVILHOSAAAAAAAAAA
1316,1,1,https://t.co/OjewMgRWxl
1317,1,1,ŸÉÿßŸÜÿ™
1318,1,2,#NutrishDog
1319,1,1,WIG!
1320,1,2,LAVERNE
1321,1,1,job
1322,1,2,como
1323,1,1,swift
1324,1,1,Lavern
1325,1,1,Drama'.
1326,1,1,hits
1327,1,1,aqui
1328,1,1,Bump
1329,1,1,"Aw,"
1330,1,1,Design
1331,1,3,gente
1332,1,2,can't
1333,1,1,mano
1334,1,1,cuando
1335,1,1,shook!!!
1336,1,1,Los
1337,1,1,taylor
1338,1,1,tho.....
1339,1,1,EST√Å
1340,1,1,late
1341,1,1,yay
1342,1,1,tuning
1343,1,4,it's
1344,1,1,https://t.co/LEFAhspizz
1345,1,1,‚ù§Ô∏è‚ù§Ô∏è
1346,1,3,But
1347,1,1,estava
1348,1,1,Gr√°vida
1349,1,1,CATEGORY
1350,1,1,#JohnOliver's
1351,1,1,both
1352,1,2,√â
1353,1,1,https://t.co/wx4qT576xa
1354,1,1,FREE
1355,1,1,@LaverneCox!
1356,1,1,"Picture"""
1357,1,1,bey
1358,1,1,COME
1359,1,1,üëèüèæüòç
1360,1,2,And
1361,1,1,2016
1362,1,1,NEXT!
1363,1,2,To
1364,1,2,these
1365,1,1,#NutrishCat
1366,1,2,will
1367,1,1,cast
1368,1,1,"""near-sighted"
1369,1,1,ÿßŸÅÿ∂ŸÑ
1370,1,1,LUCK
1371,1,1,va
1372,1,1,ve
1373,1,2,"it,"
1374,1,1,#Mercedesbenz
1375,1,3,good
1376,1,1,(1/2):
1377,1,1,dangerously
1378,1,1,Daan
1379,1,3,You
1380,1,1,minorities
1381,1,1,Loving
1382,1,1,evento
1383,1,1,@FargoFX
1384,1,1,this...but
1385,1,1,sar√†
1386,1,1,ÿßÿÆÿ™ÿ±ÿßŸÇ
1387,1,1,#BlackLove
1388,1,1,Coyote
1389,1,1,Taubate
1390,1,1,now...
1391,1,2,todos
1392,1,1,MEAN
1393,1,1,mostra
1394,1,1,They're
1395,1,1,ENTIRE
1396,1,30,I
1397,1,5,IS
1398,1,1,v.
1399,1,1,Cav
1400,1,4,@pattonoswalt
1401,1,1,totally
1402,1,1,tenho
1403,1,1,Luther)
1404,1,1,AREN'T
1405,1,1,off
1406,1,1,falopa
1407,1,1,i
1408,1,1,Is
1409,1,2,well
1410,1,1,It
1411,1,2,fighting
1412,1,1,Biiiiiiiiiiiiiiiiiig
1413,1,2,thought
1414,1,2,comes
1415,1,1,montages
1416,1,1,In
1417,1,1,SOCORRO
1418,1,3,"Story,"
1419,1,2,#Emmy
1420,1,2,If
1421,1,1,BE
1422,1,2,Marcia
1423,1,1,being
1424,1,1,should've
1425,1,1,NAO
1426,1,1,actress
1427,1,1,Shh
1428,1,1,fabulosa
1429,1,1,"algu√©m,"
1430,1,1,huahuahu
1431,1,1,rocked
1432,1,1,GIRL
1433,1,1,@LastWeekTonight!
1434,1,1,ELAAAAA
1435,1,1,Eggs
1436,1,1,@LastWeekTonight.
1437,1,1,Travolta
1438,1,1,either.
1439,1,1,Although
1440,1,1,Romulan
1441,1,1,https://t.co/L6xa5Q5GtV
1442,1,1,smart
1443,1,1,sich
1444,1,2,categoria
1445,1,1,SCENE
1446,1,1,there‚Äôre
1447,1,1,gonna
1448,1,1,@mulhernocinema
1449,1,1,.BETTER
1450,1,1,makes
1451,1,1,embelezar
1452,1,1,world
1453,1,1,disappointed
1454,1,1,better.......the
1455,1,1,https://t.co/qx0ac0cDNg
1456,1,2,like
1457,1,1,lost
1458,1,1,Show
1459,1,1,Bravo
1460,1,3,B.
1461,1,1,bigotry
1462,1,1,G.O.T
1463,1,1,https://t.co/Yvpchpk91a
1464,1,1,lose
1465,1,1,alycia
1466,1,1,@GameOfThrones
1467,1,1,because
1468,1,1,stage.ü§ó
1469,1,1,pastor.
1470,1,1,"aqui,"
1471,1,1,aqui.
1472,1,1,better!!!
1473,1,1,Seriously
1474,1,1,assinar
1475,1,1,#Blacks4Trump
1476,1,1,E
1477,1,1,trhones
1478,1,1,"ÿπÿßÿ±Ÿäÿ©!""."
1479,1,1,#amyschumer
1480,1,1,literally
1481,1,4,not
1482,1,1,@ImAngelaBassett.
1483,1,1,criticam
1484,1,1,gum?
1485,1,234,#Emmys
1486,1,1,Congrats!
1487,1,1,Stranger
1488,1,1,stuff.
1489,1,1,rock
1490,1,1,eh????
1491,1,1,quem
1492,1,1,^_^
1493,1,1,@Travon
1494,1,1,;)
1495,1,1,stage
1496,1,15,on
1497,1,1,@mandimellen
1498,1,19,of
1499,1,1,favorite
1500,1,1,UP
1501,1,1,out?
1502,1,1,#ComedyNerd
1503,1,1,@netflix
1504,1,1,isn't
1505,1,1,"Chandler"""
1506,1,1,Cad√™
1507,1,3,or
1508,1,1,@torikelly
1509,1,2,!!
1510,1,3,em
1511,1,1,https://t.co/XKWOENMyPr
1512,1,1,esses
1513,1,4,Congrats
1514,1,1,ganado
1515,1,1,#emmyformaslany
1516,1,1,snapchat
1517,1,4,your
1518,1,1,ÿπ
1519,1,1,Week
1520,1,1,Pens√©
1521,1,1,premio
1522,1,2,NO
1523,1,1,verga*
1524,1,1,esperando
1525,1,2,there
1526,1,1,wasea
1527,1,1,https://t.co/RAZfDCuoSw
1528,1,1,sei
1529,1,1,QUITE
1530,1,1,Amy
1531,1,1,start
1532,1,1,much
1533,1,1,üëëüêù
1534,1,1,Kiss
1535,1,1,damn
1536,1,1,categoria.
1537,1,1,"you,"
1538,1,1,HUGS
1539,1,1,haciendo
1540,1,1,https://t.co/mG8hOawfV4
1541,1,1,Well
1542,1,1,hw
1543,1,4,but
1544,1,1,üëäüíï
1545,1,1,#FanGirl
1546,1,1,smart.
1547,1,4,with
1548,1,2,he
1549,1,1,categorias
1550,1,1,#SeaWorldSucks
1551,1,1,Alex!
1552,1,1,places
1553,1,1,WIN
1554,1,1,Heads.
1555,1,1,pula
1556,1,3,s√©ries
1557,1,1,laverne
1558,1,1,miss?
1559,1,1,#GrammyAwards2016
1560,1,1,Mejor
1561,1,1,gelohnt.
1562,1,1,piece
1563,1,1,https://t.co/ObMU7PMqMi
1564,1,5,am
1565,1,1,ao
1566,1,5,an
1567,1,4,as
1568,1,1,THO.
1569,1,12,at
1570,1,3,mejor
1571,1,1,fan-made
1572,1,1,feud
1573,1,1,beyond
1574,1,1,SEGURA
1575,1,1,know
1576,1,2,dressed
1577,1,1,more...
1578,1,1,PRESIDENT.
1579,1,1,special
1580,1,1,4)
1581,1,13,you
1582,1,1,win!!!!!!!!!
1583,1,1,TAKE
1584,1,1,lapel
1585,1,1,Great
1586,1,1,"#Sherlock,"
1587,1,1,DOESN'T
1588,1,1,@ImAngelaBassett
1589,1,1,apaan
1590,1,1,üòÇüòâüêùüçã...#WhoRunTheWorld
1591,1,3,miniserie
1592,1,1,ŸàŸáŸä
1593,1,1,kinda
1594,1,1,allein
1595,1,1,"""Eu"
1596,1,1,fiscal
1597,1,1,"Simpson"""
1598,1,1,Major
1599,1,1,Coach
1600,1,1,sempre
1601,1,1,OUAT
1602,1,1,Gunther
1603,1,1,Simpson.
1604,1,1,u
1605,1,1,todav√≠a
1606,1,1,hugely
1607,1,3,Simpson:
1608,1,1,https://t.co/3PswVbbRLn
1609,1,1,jokes..
1610,2,1,LIFE
1611,2,1,update.
1612,2,1,acordar
1613,2,1,#QueTuSonrisaDomineElMundoMica
1614,2,1,"WIFE!!"""
1615,2,1,sparare
1616,2,1,Buenos
1617,2,6,‚ÄòOutstanding
1618,2,1,hate
1619,2,1,???????
1620,2,1,sympa
1621,2,1,voter
1622,2,1,manifesta√ß√µes
1623,2,1,interesan
1624,2,1,Descendants
1625,2,2,tv
1626,2,2,tweet
1627,2,3,vs
1628,2,1,time.
1629,2,1,otra
1630,2,1,#BetterCallSaul
1631,2,2,voted
1632,2,1,competition!
1633,2,1,Merece
1634,2,1,TheIndyTV:
1635,2,1,Vs.
1636,2,1,Damon/Jimmy
1637,2,1,talz...
1638,2,1,@
1639,2,1,woman
1640,2,2,cora√ß√£o
1641,2,1,McKinnon
1642,2,1,tears.
1643,2,1,risa
1644,2,1,https://t.co/Iv0D700phk
1645,2,1,Ali√°s
1646,2,2,every
1647,2,1,socorro
1648,2,5,I'm
1649,2,1,"today,"
1650,2,1,decidir
1651,2,1,school
1652,2,1,O.J.
1653,2,1,LOOK
1654,2,1,"gente,"
1655,2,1,haber
1656,2,1,PQP
1657,2,5,√©
1658,2,1,https://t.co/ZgZPU19mEU
1659,2,1,@SofiaVergara
1660,2,1,desisto
1661,2,1,https://t.co/CL3qLrJpu8
1662,2,6,el
1663,2,1,monologue
1664,2,1,Apprentice
1665,2,2,hora
1666,2,1,"""¬øPara"
1667,2,1,@emiliaclarkeüíò#Emmys
1668,2,2,tem
1669,2,1,excited
1670,2,1,torcendo
1671,2,1,"me,"
1672,2,1,Juego
1673,2,1,#ThisIsNotTheEndOfOneDirection
1674,2,1,#EmmyAwards
1675,2,1,Hahaha!
1676,2,1,wife
1677,2,1,#Goodburnhunting
1678,2,1,ter
1679,2,1,air
1680,2,2,even
1681,2,2,will
1682,2,2,what
1683,2,2,nem
1684,2,1,"(√Ålvarez,"
1685,2,1,Supporting
1686,2,1,@ActuallyEmerson
1687,2,1,tonight's
1688,2,1,Emmy!
1689,2,1,https://t.co/dKQ1eIkWZ5
1690,2,1,new
1691,2,1,net
1692,2,2,ever
1693,2,2,t√°
1694,2,1,miglior
1695,2,3,rainha
1696,2,1,dreadful
1697,2,1,never
1698,2,1,loling
1699,2,1,here
1700,2,2,meu
1701,2,1,met
1702,2,1,Qui√©n
1703,2,1,C'ABBIAMO
1704,2,2,AGORA
1705,2,1,wedding.
1706,2,1,Khaleesi
1707,2,1,#EmilioPucci
1708,2,1,luciendo
1709,2,2,#Emmys!
1710,2,3,#ExplotacionEnPPT
1711,2,1,kids
1712,2,1,comiencen
1713,2,1,Clark
1714,2,1,#Emmys‚Ä¶
1715,2,1,inspired
1716,2,1,@AndySamberg
1717,2,1,#AW
1718,2,1,"#Emmys,"
1719,2,8,#Emmys.
1720,2,1,https://t.co/wU8gMtJAsi
1721,2,1,supremo
1722,2,1,resto
1723,2,1,sitting?
1724,2,1,#ClosingCeremony
1725,2,1,gracioso
1726,2,1,i'm
1727,2,1,üêª#Emmys
1728,2,4,via
1729,2,1,https://t.co/8WlSnqH0D5
1730,2,1,speeches?
1731,2,2,Jeb
1732,2,1,üëåüèª
1733,2,1,vc
1734,2,1,outra
1735,2,1,know.
1736,2,1,https://t.co/LJ3rGwQTfF
1737,2,1,yOU'RE
1738,2,1,spoke
1739,2,6,would
1740,2,46,to
1741,2,1,@LastWeekTonight
1742,2,2,DAMON!
1743,2,1,right?
1744,2,1,come√ßar
1745,2,1,#GinaTorres!
1746,2,3,more
1747,2,1,engra√ßado
1748,2,1,knows
1749,2,1,saber
1750,2,1,ganharem
1751,2,2,Independent:
1752,2,1,expose
1753,2,1,https://t.co/1IjTw4lcr8
1754,2,1,varsa
1755,2,4,award
1756,2,1,Rams
1757,2,1,ven
1758,2,2,American
1759,2,1,#oow16
1760,2,1,adforum:
1761,2,2,Rami
1762,2,1,VIOLA
1763,2,1,accetto
1764,2,2,#EmiliaClarke
1765,2,1,96
1766,2,12,me
1767,2,1,pride
1768,2,1,word
1769,2,2,wore
1770,2,1,shame
1771,2,1,graciosos
1772,2,2,mi
1773,2,1,deu
1774,2,2,SU
1775,2,1,Tonight
1776,2,1,MELHOR
1777,2,1,FOLLOWERS‚ûúhttps://t.co/2crdoOSs0s
1778,2,1,online.
1779,2,9,my
1780,2,1,SE
1781,2,1,Florrick
1782,2,1,https://t.co/gczXvXZvOZ
1783,2,2,give
1784,2,1,Lo
1785,2,2,@THR
1786,2,1,Courtney
1787,2,1,#themapples
1788,2,1,üëèüëèüëè
1789,2,3,And
1790,2,1,#Apprentice
1791,2,1,#edge
1792,2,4,want
1793,2,1,cargando
1794,2,1,dress
1795,2,1,#bringitback
1796,2,1,‚ÄúTell
1797,2,1,needs
1798,2,1,LE
1799,2,2,win?
1800,2,1,LA
1801,2,1,''ai
1802,2,1,"asegurado."""
1803,2,1,breaking
1804,2,1,ONE
1805,2,2,how
1806,2,4,#ThePeoplevOJSimpson
1807,2,1,"win,"
1808,2,1,win!
1809,2,1,estado
1810,2,6,A
1811,2,5,@jimmykimmel
1812,2,1,"funny,"
1813,2,2,S√≥
1814,2,2,after
1815,2,1,Jhon
1816,2,1,CACCHIO
1817,2,1,https://t.co/ctUtc8QEqb
1818,2,1,pendejo
1819,2,5,n√£o
1820,2,1,ser√≠a
1821,2,1,Sophie
1822,2,2,sono
1823,2,1,response
1824,2,1,las
1825,2,51,a
1826,2,1,All
1827,2,1,Matts
1828,2,1,@extratv
1829,2,2,wins
1830,2,2,hasta
1831,2,2,funniest
1832,2,1,CA.
1833,2,1,keeps
1834,2,1,fan
1835,2,1,https://t.co/dzzWuf7tNp
1836,2,1,squint
1837,2,2,that's
1838,2,1,#ArmyWives
1839,2,1,What
1840,2,1,#AWFam
1841,2,1,https://t.co/N9IkCH5E0B
1842,2,2,comiendo
1843,2,1,don't
1844,2,1,https://t.co/FBMP5W2bQ4
1845,2,1,‚ÄòJuego
1846,2,1,#GameofThrones
1847,2,1,through
1848,2,1,https://t.co/3LEtJRG5tq
1849,2,1,#rai4
1850,2,1,https://t.co/RxmZ9qV5bS
1851,2,1,before
1852,2,1,Benjamim
1853,2,1,PRA
1854,2,1,fit
1855,2,3,gente
1856,2,1,https://t.co/HBvYUODpvc
1857,2,1,vida!
1858,2,1,actually
1859,2,1,debi√≥
1860,2,1,#2soon
1861,2,2,categories
1862,2,1,nominees.
1863,2,1,2.
1864,2,1,already?
1865,2,1,elenco
1866,2,2,it.
1867,2,2,then
1868,2,3,them
1869,2,1,https://t.co/uzYqj3rYnw
1870,2,1,return
1871,2,1,ya
1872,2,1,safe
1873,2,1,#Kimmel
1874,2,1,history.
1875,2,1,ficar
1876,2,1,brasileira
1877,2,1,Tambor
1878,2,3,they
1879,2,1,as√≠
1880,2,1,Bush‚Ä¶
1881,2,1,fine.
1882,2,1,week.
1883,2,1,https://t.co/r2eWgG4R3v
1884,2,2,always
1885,2,1,Globe
1886,2,1,l
1887,2,2,good
1888,2,1,Paulson
1889,2,1,SONNO
1890,2,1,went
1891,2,1,"time,"
1892,2,1,https://t.co/MaL56AM4ys
1893,2,1,Horseman
1894,2,1,isn't
1895,2,2,shows.
1896,2,1,idea
1897,2,1,toda
1898,2,1,'Tell
1899,2,1,#MasterOfNone
1900,2,3,logo
1901,2,2,thing
1902,2,1,todo
1903,2,1,seats.
1904,2,1,Ross
1905,2,1,Omg
1906,2,1,missed
1907,2,1,Ya
1908,2,1,muero
1909,2,1,#GoT
1910,2,2,@OrphanBlack
1911,2,1,promo
1912,2,2,acting
1913,2,1,'em
1914,2,1,7
1915,2,1,"is,"
1916,2,1,YAAAYY!!
1917,2,5,got
1918,2,1,icon!
1919,2,1,fave
1920,2,1,little
1921,2,9,Drama
1922,2,3,#NoQuemenLasCunitas
1923,2,1,"inferno,"
1924,2,1,üëèüèºüëèüèºüëèüèºüëèüèº#Emmys
1925,2,1,SHE
1926,2,1,imagine
1927,2,1,entrar
1928,2,1,Tronos‚Äô
1929,2,1,beginning
1930,2,1,I'M
1931,2,1,way....
1932,2,2,Via
1933,2,1,Clinton
1934,2,3,People
1935,2,1,non-fiction
1936,2,1,Morty‚Äù
1937,2,1,year's
1938,2,1,sapientoni?
1939,2,1,TIME
1940,2,2,Eu
1941,2,1,üçã
1942,2,1,nah?
1943,2,1,already
1944,2,2,est√°
1945,2,1,https://t.co/pnSwI9TfpD
1946,2,1,Hugo
1947,2,1,#superdops
1948,2,1,done
1949,2,1,Excited
1950,2,1,#rp
1951,2,1,jew
1952,2,1,F**k
1953,2,1,top
1954,2,1,copperhead
1955,2,1,https://t.co/f4c2aYeuVb
1956,2,1,regulation
1957,2,1,too
1958,2,1,https://t.co/Wp4YhMN31B
1959,2,2,MangoBajito2016:
1960,2,1,especially
1961,2,1,ceremonia
1962,2,1,#idontcarewhoyouvotefor
1963,2,1,relationship
1964,2,1,Cl‚Ä¶
1965,2,1,took
1966,2,1,Cazuza
1967,2,3,No
1968,2,5,part
1969,2,1,Shots
1970,2,1,believe
1971,2,1,passei
1972,2,3,@tatianamaslany
1973,2,1,Chloe
1974,2,2,EonlineLatino:
1975,2,1,mierda
1976,2,1,ACTRESS
1977,2,1,Shouts
1978,2,1,supposed
1979,2,1,#Sexy
1980,2,1,"Netflix,"
1981,2,1,#Hannibal
1982,2,1,Christ
1983,2,1,Vance
1984,2,1,@theemmys
1985,2,1,demek...
1986,2,1,https://t.co/oJy1kladyz
1987,2,1,season?
1988,2,1,huh?
1989,2,1,‚ÄúRick
1990,2,1,seem
1991,2,1,#NoPuesQu√©Sabroso
1992,2,1,"guys,"
1993,2,2,Kimmel:
1994,2,5,para
1995,2,1,Power
1996,2,2,person
1997,2,1,mazana
1998,2,2,-
1999,2,1,Kit
2000,2,1,peloamor
2001,2,1,"Kimmel,"
2002,2,1,sandwiches
2003,2,1,They
2004,2,1,Bourne!!!!
2005,2,1,Belo
2006,2,1,v√°rios
2007,2,1,play
2008,2,1,dessa
2009,2,1,#Fant√°stico
2010,2,1,Emmy.
2011,2,2,esse
2012,2,1,https://t.co/SOmY7RPthx
2013,2,1,watched.
2014,2,1,Side
2015,2,1,MASLANY
2016,2,1,episode
2017,2,1,hanno
2018,2,1,Sofia
2019,2,1,https://t.co/OGjUpAPPb5
2020,2,2,premio
2021,2,1,#mattdamon
2022,2,1,escorpino
2023,2,1,dos
2024,2,1,nessa
2025,2,1,Abbey‚Äô
2026,2,1,RAINHA
2027,2,1,gold
2028,2,1,"Malek,"
2029,2,1,random
2030,2,1,Colbert
2031,2,1,injusti√ßa
2032,2,4,nominated
2033,2,1,ending
2034,2,1,para......
2035,2,1,JK
2036,2,1,defender
2037,2,1,scorches
2038,2,1,hacerlo
2039,2,1,thecoveteur:
2040,2,1,genio?
2041,2,1,actriz
2042,2,1,PARA
2043,2,1,Big
2044,2,1,@susanneBier
2045,2,3,quem
2046,2,1,quer
2047,2,3,@c0nvey
2048,2,1,pretty
2049,2,1,folks
2050,2,1,8
2051,2,1,ENJOYING
2052,2,2,porque
2053,2,7,do
2054,2,2,his
2055,2,2,#CerimoniaDeEncerramento
2056,2,1,di
2057,2,1,https://t.co/dvB5cOhwuP
2058,2,1,atrevo
2059,2,2,watch
2060,2,1,@JimmyKimmelLive
2061,2,3,da
2062,2,1,Leave
2063,2,1,feels
2064,2,1,anos''
2065,2,1,azizansari's
2066,2,1,Quick
2067,2,2,during
2068,2,1,tribute
2069,2,1,https://t.co/5TOxG2dqSP
2070,2,1,beautifully
2071,2,1,TERNO
2072,2,1,THIS
2073,2,1,books
2074,2,1,idiotic
2075,2,1,https://t.co/ONqdHmH9MY
2076,2,1,bad
2077,2,1,olhar
2078,2,1,@emilynussbaum
2079,2,2,momento
2080,2,1,fuder
2081,2,1,Me
2082,2,1,bravo!
2083,2,2,ser
2084,2,1,reference
2085,2,1,w/
2086,2,1,TREMI
2087,2,1,roasted
2088,2,1,Tais
2089,2,1,light
2090,2,6,see
2091,2,1,https://t.co/F40PhWFCC6
2092,2,7,are
2093,2,2,John
2094,2,3,best
2095,2,1,bit?
2096,2,4,#GameOfThrones
2097,2,1,GET
2098,2,1,game.
2099,2,1,away
2100,2,1,bien
2101,2,3,won
2102,2,1,pets
2103,2,10,win
2104,2,2,solo
2105,2,1,dwindle.
2106,2,2,LOVE
2107,2,1,jjust..my
2108,2,1,üò≠üò≠üò≠
2109,2,1,achando
2110,2,1,"Sheesh,"
2111,2,2,d√°
2112,2,1,saudades
2113,2,1,Genio
2114,2,1,VanityFair:
2115,2,1,m√≠nimo
2116,2,1,palco
2117,2,1,AND
2118,2,1,both
2119,2,1,https://t.co/pIIxM149OL
2120,2,1,"fan"""
2121,2,2,last
2122,2,1,all.
2123,2,1,timeeee
2124,2,1,obra
2125,2,1,jelly
2126,2,1,against
2127,2,1,https://t.co/SGkBNYFbB0
2128,2,4,una
2129,2,2,Sherlock
2130,2,1,faces
2131,2,3,Heimdall
2132,2,5,com
2133,2,1,con
2134,2,1,LAVERN
2135,2,1,Miller
2136,2,4,#VidalConSG
2137,2,1,perspicacia
2138,2,1,GIVE
2139,2,1,#OJSimpson
2140,2,1,2nd
2141,2,1,confusa...
2142,2,1,premios
2143,2,1,demais
2144,2,1,rockin'
2145,2,1,Karaoke:
2146,2,1,https://t.co/XcqoZvTZ9d
2147,2,1,primetime
2148,2,1,"""@ItsSpoilerTime:"
2149,2,1,@azizansari's
2150,2,1,Emmy'nin
2151,2,1,cockroaches
2152,2,2,My
2153,2,1,@mcsweeney
2154,2,2,acceptance
2155,2,1,been
2156,2,2,Hillary
2157,2,3,much
2158,2,1,damn
2159,2,1,You've
2160,2,1,@gameofthrones...
2161,2,1,puto
2162,2,1,"apples"""
2163,2,1,year...
2164,2,1,PENSEI
2165,2,1,life
2166,2,1,crying
2167,2,1,Utd
2168,2,1,pueden
2169,2,1,ALL
2170,2,1,https://t.co/Wivqd21joQ
2171,2,1,#WATMUN
2172,2,1,Telefilme
2173,2,1,escapou
2174,2,2,lives
2175,2,1,#StrangerThings
2176,2,1,demand
2177,2,1,worked
2178,2,1,https://t.co/Rwj1o06hTR
2179,2,2,look
2180,2,1,vaga
2181,2,1,hilariously
2182,2,1,while
2183,2,1,fue
2184,2,6,@OSN.
2185,2,1,rezo?
2186,2,1,fui
2187,2,1,remembering
2188,2,1,Loki!
2189,2,1,sac√≥
2190,2,1,Benedict
2191,2,16,is
2192,2,8,it
2193,2,1,telecast
2194,2,1,Eleven
2195,2,1,Bush
2196,2,1,aguentando
2197,2,3,Viola
2198,2,23,in
2199,2,1,victims
2200,2,1,https://t.co/J3H0RrfebB
2201,2,5,if
2202,2,1,Jeffrey
2203,2,1,acaba
2204,2,1,things
2205,2,2,make
2206,2,1,#reginawon
2207,2,3,"""I"
2208,2,1,TRADU√á√ÉO
2209,2,1,!!#Emmys
2210,2,1,PAULSON
2211,2,1,Ûæå¥Ûæå¥
2212,2,1,"CHAIN!"""
2213,2,1,higher
2214,2,1,caer
2215,2,1,vez..
2216,2,1,tube.
2217,2,1,VI
2218,2,1,blames
2219,2,1,pick
2220,2,1,#veep
2221,2,1,https://t.co/6p3ZfYmC5j
2222,2,1,*drops
2223,2,3,Y
2224,2,1,a√±o
2225,2,1,categor√≠a
2226,2,1,"filha,"
2227,2,1,Con
2228,2,1,butter
2229,2,1,Limited
2230,2,1,"Oliver,"
2231,2,1,Oliver.
2232,2,1,Oliver!
2233,2,1,tronos
2234,2,30,de
2235,2,1,https://t.co/yRkQpBTNqz
2236,2,1,#Emmys?
2237,2,6,y
2238,2,66,the
2239,2,1,thats
2240,2,1,"note,"
2241,2,1,Odenkirk
2242,2,1,Thank
2243,2,6,just
2244,2,1,bellos
2245,2,1,yea
2246,2,2,Crime
2247,2,1,Clarkeüíñ
2248,2,2,vejo
2249,2,1,break.
2250,2,1,Comedy
2251,2,1,yet
2252,2,1,Debo
2253,2,6,#EmmysPorWarner
2254,2,1,candidate
2255,2,2,"idriselba,"
2256,2,3,had
2257,2,2,ele
2258,2,1,shout
2259,2,1,n
2260,2,1,hiciste
2261,2,1,https://t.co/qMmGyn10jn
2262,2,1,scuttering
2263,2,1,News
2264,2,6,has
2265,2,1,"DAVIS,"
2266,2,1,@TibbyVenk
2267,2,1,take
2268,2,1,SARAH
2269,2,2,üòÇüòÇ
2270,2,1,ptdrr
2271,2,1,ago.
2272,2,4,#EMMYS
2273,2,3,Kimmel.
2274,2,1,https://t.co/acAuaZHnbf
2275,2,3,Did
2276,2,1,big
2277,2,1,breaks
2278,2,1,judgement
2279,2,1,game
2280,2,1,@moryan
2281,2,1,Finally!
2282,2,2,Kimmel!
2283,2,1,Emilia
2284,2,1,bit
2285,2,1,comedy.
2286,2,9,like
2287,2,1,mentally-ill
2288,2,1,brought
2289,2,1,damn.
2290,2,2,OJ
2291,2,1,Shandling
2292,2,6,should
2293,2,1,#KitHarington
2294,2,2,night
2295,2,1,amor
2296,2,1,@alfred_hit
2297,2,1,names
2298,2,1,old
2299,2,1,best!
2300,2,2,fucking
2301,2,1,Literally
2302,2,1,"""You're"
2303,2,1,some
2304,2,2,back
2305,2,1,enrolar
2306,2,1,"Time,"
2307,2,5,#SantaGabriela
2308,2,1,guess
2309,2,1,savage
2310,2,2,JIMMY
2311,2,1,humor
2312,2,21,for
2313,2,1,cedo
2314,2,1,tonight!
2315,2,1,inside
2316,2,1,comments
2317,2,2,muito
2318,2,1,vede
2319,2,1,asking
2320,2,1,"month,"
2321,2,1,Dire√ß√£o
2322,2,1,far....but
2323,2,2,foi
2324,2,1,torcer...
2325,2,2,muita
2326,2,1,peek
2327,2,3,who
2328,2,1,eating
2329,2,1,conhecida
2330,2,1,contest.
2331,2,2,bc
2332,2,1,animaci√≥n
2333,2,1,Finn
2334,2,1,@vine
2335,2,3,O
2336,2,1,https://t.co/PGh9VFwpJY
2337,2,1,stanno
2338,2,1,promos
2339,2,1,"Ahh,"
2340,2,6,Place
2341,2,1,IMDb:
2342,2,1,chick
2343,2,1,losing
2344,2,1,louca
2345,2,1,Bob
2346,2,6,by
2347,2,1,Amber
2348,2,1,MATT
2349,2,20,Jimmy
2350,2,1,compara.
2351,2,1,eat
2352,2,1,#Oscars
2353,2,2,‚Ä¶
2354,2,13,o
2355,2,3,drama
2356,2,1,Estoy
2357,2,1,Looks
2358,2,2,voltou
2359,2,1,#brenda
2360,2,1,Hillary.
2361,2,1,esperar
2362,2,1,book
2363,2,2,Best
2364,2,1,seeing
2365,2,1,#Emmys-nominated
2366,2,1,WHO
2367,2,1,for.
2368,2,1,into
2369,2,1,ppl
2370,2,1,appropriate
2371,2,1,because
2372,2,1,Alert.
2373,2,4,Racing
2374,2,10,The
2375,2,1,#OrphanBlack
2376,2,1,n√©
2377,2,1,TEM
2378,2,1,Shawn
2379,2,2,#EmmyForMaslany
2380,2,1,fast
2381,2,1,gig
2382,2,1,BoJack
2383,2,2,way
2384,2,1,suit
2385,2,2,:
2386,2,7,was
2387,2,1,NUNCA
2388,2,1,leading
2389,2,1,üôåüèªüòÇ
2390,2,1,cama?
2391,2,1,Saracen
2392,2,2,ator
2393,2,2,ganhando
2394,2,1,"so,"
2395,2,1,@411Voices
2396,2,2,serie
2397,2,1,Funniest
2398,2,1,overload.
2399,2,1,@CatsdeChocolart
2400,2,1,"torcer,"
2401,2,1,Dads
2402,2,1,Vergara‚Äôs
2403,2,1,Golden
2404,2,1,#CloneClub
2405,2,2,‚ù§
2406,2,1,Von
2407,2,1,up
2408,2,2,us
2409,2,1,Vou
2410,2,2,un
2411,2,1,adore
2412,2,1,performances
2413,2,3,"fight,"
2414,2,1,supe
2415,2,1,side.
2416,2,1,c'√®
2417,2,1,later
2418,2,1,ganhar
2419,2,1,@sterlingkb1
2420,2,1,https://t.co/lQsij3qkTA
2421,2,1,To
2422,2,1,single
2423,2,6,Series‚Äô
2424,2,1,acabado
2425,2,1,Drama.
2426,2,1,Emmys.
2427,2,1,competencia
2428,2,1,Sin
2429,2,1,pace?
2430,2,12,no
2431,2,1,FUCKING
2432,2,1,na
2433,2,1,commercials
2434,2,2,visto
2435,2,1,üçé
2436,2,1,TMJ!
2437,2,2,vou
2438,2,1,Nolan
2439,2,1,lenha
2440,2,1,brisk
2441,2,1,Man
2442,2,1,#JimmyKimmel
2443,2,1,¬°Jimmy
2444,2,3,E
2445,2,1,IT'S
2446,2,1,publicar
2447,2,1,‚ù§Ô∏èMatt
2448,2,1,t√≠pica
2449,2,1,Cast
2450,2,1,rise
2451,2,1,tonight.
2452,2,1,AT
2453,2,1,@ligadoemserie
2454,2,1,@kantbot2000
2455,2,1,TALENT
2456,2,1,gets
2457,2,2,Simpson
2458,2,16,e
2459,2,2,together
2460,2,1,jacket
2461,2,1,As
2462,2,1,At
2463,2,5,time
2464,2,1,commercial!
2465,2,1,So
2466,2,1,Cheerios
2467,2,1,Cuida
2468,2,1,dvr
2469,2,2,now
2470,2,1,minutos.
2471,2,1,mores
2472,2,1,Sun
2473,2,3,out
2474,2,3,skit
2475,2,1,quero
2476,2,1,https://t.co/yrFVDidsJw
2477,2,1,menos
2478,2,1,/
2479,2,1,PORRAAAAAAAAAAAAQ
2480,2,1,Dad
2481,2,1,@iamjohnoliver!
2482,2,1,OMG
2483,2,4,#Emmys2016
2484,2,1,ver
2485,2,1,everything
2486,2,1,@nathanielr
2487,2,1,peanut
2488,2,1,Lucky
2489,2,1,send
2490,2,1,ELEGANT
2491,2,2,finally
2492,2,1,RAMI
2493,2,1,@EmilioPucci
2494,2,2,Qu√©
2495,2,1,off.
2496,2,1,eyes...are
2497,2,1,wha??
2498,2,1,https://t.co/p1x9b9yla1
2499,2,1,EVEN
2500,2,1,Maslany?
2501,2,1,https://t.co/31bvtMw6Vt
2502,2,1,AmIRight?
2503,2,1,#winning
2504,2,1,Last
2505,2,1,@lizzwinstead
2506,2,1,facebook
2507,2,1,toujours
2508,2,1,curte
2509,2,1,cool
2510,2,1,Tat
2511,2,1,Just
2512,2,1,did
2513,2,1,Kimmel‚Äôs
2514,2,1,Celebs
2515,2,1,seguro
2516,2,5,this
2517,2,1,soooo
2518,2,1,week's
2519,2,1,vulgo
2520,2,1,encantas!
2521,2,1,@All_Screens
2522,2,1,#VanityFair
2523,2,4,Tatiana
2524,2,1,regret
2525,2,8,be
2526,2,3,surefire
2527,2,1,presentando
2528,2,1,uncomfortable
2529,2,1,verlos
2530,2,1,run
2531,2,1,piensa
2532,2,1,https://t.co/olnrgjVX3r
2533,2,1,s√≥lo
2534,2,1,Congrats!
2535,2,1,https://t.co/qa5Il90y6i
2536,2,1,QUA
2537,2,1,that.
2538,2,1,plays
2539,2,1,Da√≠
2540,2,1,sweaty
2541,2,2,Now
2542,2,1,Imagina
2543,2,1,dif√≠cil
2544,2,2,goes
2545,2,2,QUE
2546,2,1,Ora
2547,2,1,cranston
2548,2,1,"ferrado,"
2549,2,1,comecei
2550,2,1,Bill
2551,2,1,Ma
2552,2,1,hein?
2553,2,1,"with,"
2554,2,1,commercial
2555,2,1,Whoa!
2556,2,1,Amanhecer
2557,2,1,water
2558,2,3,melhor
2559,2,1,Green
2560,2,2,puede
2561,2,1,"""An"
2562,2,8,Emmy
2563,2,1,#DesignatedSurvivor
2564,2,1,DAMOOON.
2565,2,1,celebrate!
2566,2,1,acho
2567,2,1,bom
2568,2,1,nervous
2569,2,1,Dear
2570,2,1,10:00pm
2571,2,1,weird
2572,2,2,MY
2573,2,1,Tru‚Ä¶
2574,2,3,winner
2575,2,11,love
2576,2,3,apple
2577,2,1,Mi..luego
2578,2,2,It's
2579,2,3,When
2580,2,1,https://t.co/Qpf6UXfBPw
2581,2,1,AGORA!!
2582,2,2,atriz
2583,2,6,&amp;
2584,2,1,Lena
2585,2,1,prova
2586,2,3,from
2587,2,3,che
2588,2,1,Hillary/Kaine
2589,2,1,cazzate
2590,2,2,pero
2591,2,1,@emiliaclarke!
2592,2,3,next
2593,2,1,live
2594,2,1,going
2595,2,2,GORGEOUS
2596,2,1,congratulates
2597,2,1,fez
2598,2,1,falando
2599,2,1,introducing
2600,2,1,Ben
2601,2,1,Este
2602,2,2,These
2603,2,1,Eva
2604,2,1,Eve
2605,2,1,wonder
2606,2,1,#ClaireDanes
2607,2,2,Kimmel's
2608,2,1,dad's
2609,2,1,Time
2610,2,1,wondering.
2611,2,1,women
2612,2,1,#please
2613,2,1,"@idriselba,"
2614,2,3,s√≥
2615,2,1,TatianaMaslany
2616,2,1,PLEASE
2617,2,1,lomazo!!!!
2618,2,16,Kimmel
2619,2,7,can
2620,2,1,shipo
2621,2,1,Our
2622,2,2,trans
2623,2,1,tampoco
2624,2,1,something
2625,2,1,far!
2626,2,1,#RedSox
2627,2,1,snacks
2628,2,1,predict
2629,2,1,far.
2630,2,2,didn't
2631,2,1,there‚Äôs
2632,2,1,high
2633,2,2,EU
2634,2,1,Mr.
2635,2,1,https://t.co/qAZinBeFJv
2636,2,1,ERA
2637,2,1,#IndyCar
2638,2,36,Damon
2639,2,1,Party
2640,2,1,tan
2641,2,1,tentando
2642,2,2,Actor
2643,2,1,"""MY"
2644,2,1,estudar
2645,2,1,deserves
2646,2,1,s3
2647,2,1,Maat
2648,2,4,Who
2649,2,1,viendo
2650,2,1,thanking
2651,2,1,sia
2652,2,1,winners
2653,2,1,colocam
2654,2,1,@teeco71
2655,2,1,delas
2656,2,2,Why
2657,2,3,sim
2658,2,1,propagandasƒ±
2659,2,1,mas
2660,2,2,@iamjohnoliver
2661,2,1,"intervalos,"
2662,2,1,@jimmyfallon.
2663,2,1,hombre
2664,2,1,mai
2665,2,1,such
2666,2,1,guys
2667,2,3,Benedetto
2668,2,1,Cosima
2669,2,1,category.
2670,2,1,realized
2671,2,1,Rewound
2672,2,1,MUOVETE
2673,2,2,remember
2674,2,1,esserci
2675,2,1,Series
2676,2,1,isso
2677,2,1,sit
2678,2,1,S√©rie
2679,2,1,rather
2680,2,1,TUDO!
2681,2,10,so
2682,2,1,HANDS
2683,2,2,ainda
2684,2,1,looking
2685,2,3,se
2686,2,1,longest
2687,2,1,no.
2688,2,1,comfort
2689,2,1,https://t.co/9gyHMlVFTg
2690,2,1,Affleck
2691,2,2,producer
2692,2,1,move
2693,2,1,broads.
2694,2,1,drama/attrice/attore
2695,2,2,¬°MATT
2696,2,1,years
2697,2,1,sagit√°rio
2698,2,2,#GoodWillHunting
2699,2,1,kimmel
2700,2,2,won't
2701,2,2,LINDA
2702,2,2,still
2703,2,1,2017!
2704,2,3,RT
2705,2,5,1
2706,2,3,le
2707,2,1,thank
2708,2,2,mais
2709,2,2,he's
2710,2,2,lo
2711,2,2,Congrats
2712,2,1,We're
2713,2,1,Taking
2714,2,1,winning
2715,2,1,https://t.co/qyPJ1oYj8b
2716,2,1,üôÑ
2717,2,1,won!
2718,2,1,ratas?
2719,2,1,2017
2720,2,8,2016
2721,2,1,üôã
2722,2,2,non
2723,2,1,look!
2724,2,1,@BetterCallSaul.
2725,2,1,https://t.co/Aqdq49YqT8
2726,2,3,s√©rie
2727,2,1,"year,"
2728,2,1,mention
2729,2,2,year.
2730,2,1,algu√©m
2731,2,3,Can
2732,2,1,Keegan-Michael
2733,2,4,not
2734,2,1,üò¨
2735,2,4,son
2736,2,1,day
2737,2,1,presidential
2738,2,1,nos
2739,2,1,Pra
2740,2,1,üòê
2741,2,2,Cuando
2742,2,1,Say
2743,2,1,Ele
2744,2,4,üòÇ
2745,2,1,üòç
2746,2,1,speech.
2747,2,2,üòâ
2748,2,1,Kate
2749,2,1,üòä
2750,2,4,em
2751,2,1,#BurnUltimatum
2752,2,3,en
2753,2,1,From
2754,2,1,(the
2755,2,1,samhighfill:
2756,2,1,Next
2757,2,1,mulher
2758,2,1,ABC
2759,2,1,democracia
2760,2,1,year
2761,2,6,eu
2762,2,2,our
2763,2,1,ep
2764,2,4,es
2765,2,1,Vamos
2766,2,1,dije:
2767,2,3,matt
2768,2,12,#emmys
2769,2,1,twice
2770,2,1,#JimSchoolofActing
2771,2,1,l√¨
2772,2,1,https://t.co/lqKfXhuj5o
2773,2,2,twhiddleston?
2774,2,1,NOTTE
2775,2,1,https://t.co/HS4wDchIJO
2776,2,1,poco
2777,2,1,seriously
2778,2,1,Aires
2779,2,1,Key
2780,2,2,hilarious
2781,2,1,ATRIZ
2782,2,2,shows
2783,2,1,perd√≠
2784,2,2,funny!
2785,2,1,Trying
2786,2,4,This
2787,2,1,"viralizou,"
2788,2,1,cobrando
2789,2,1,AM√âM
2790,2,14,que
2791,2,1,grandma
2792,2,1,"OJ,"
2793,2,1,https://t.co/9eNW4HCwwH
2794,2,2,RT:
2795,2,2,Maslany
2796,2,1,Someone
2797,2,1,show.
2798,2,2,feud
2799,2,1,rule
2800,2,3,could
2801,2,2,NO
2802,2,1,claro?
2803,2,1,Jesus
2804,2,1,turn
2805,2,1,think
2806,2,1,Even
2807,2,1,beware!
2808,2,1,a√±os.
2809,2,2,anymore.
2810,2,1,#ContentEmmys
2811,2,1,question
2812,2,1,"Trump,"
2813,2,1,@RhinoandCompass
2814,2,1,scene
2815,2,3,one
2816,2,1,embarrassed
2817,2,1,#AndySamberg
2818,2,1,"Maisie,"
2819,2,1,Black
2820,2,1,https://t.co/JsEUtQ355l
2821,2,7,vote
2822,2,1,EASTERN
2823,2,1,ont
2824,2,1,‚ù§Ô∏è
2825,2,1,#JasonBourne.
2826,2,1,manzana
2827,2,1,√∫nica
2828,2,1,D√°
2829,2,3,their
2830,2,1,MARAVILHOSA
2831,2,3,2
2832,2,2,be?
2833,2,1,hosting?
2834,2,1,white
2835,2,1,perfectly
2836,2,1,gives
2837,2,1,@EricElickMusic
2838,2,1,m√°s
2839,2,1,https://t.co/R5WXlZR4bc
2840,2,1,schtupping.
2841,2,14,that
2842,2,2,season
2843,2,1,quando
2844,2,1,Excellent
2845,2,1,https://t.co/FYL3Dy0R72
2846,2,1,finita
2847,2,1,lembro
2848,2,1,Season.
2849,2,1,@thestilettogal
2850,2,1,herself
2851,2,1,than
2852,2,1,bit.
2853,2,3,Love
2854,2,1,"https://t.co/0nDFJBAniL"""
2855,2,1,16
2856,2,1,https://t.co/OnLaRNNPvM
2857,2,1,Carpool
2858,2,1,https://t.co/9XCmrfQBiX
2859,2,1,apples.‚Äù
2860,2,1,BRANCO
2861,2,1,llevar
2862,2,1,were
2863,2,1,#oldladystyle
2864,2,1,side-eye
2865,2,1,1.
2866,2,15,and
2867,2,1,hairstyle
2868,2,8,pra
2869,2,1,yaaaas!!
2870,2,1,DI
2871,2,1,pro
2872,2,1,mani-pedi
2873,2,2,Story
2874,2,2,tonight
2875,2,1,hilarious!
2876,2,1,say
2877,2,2,have
2878,2,4,need
2879,2,1,clearly
2880,2,1,hilarious.
2881,2,1,https://t.co/EO0cHKSHH5
2882,2,1,TORCE
2883,2,1,https://t.co/iSS7PJWfjR
2884,2,1,Damon...
2885,2,1,Alicia
2886,2,1,'Everyone
2887,2,1,animation
2888,2,1,apples.'‚ÄîMatt
2889,2,1,Moffat?
2890,2,1,pranks
2891,2,1,deus
2892,2,2,Glad
2893,2,1,#TheGoodWife
2894,2,4,all
2895,2,1,paths.
2896,2,1,HOLY
2897,2,2,tatiana
2898,2,1,stage...
2899,2,1,exciting
2900,2,1,classy
2901,2,1,https://t.co/6QrOoY50Ds
2902,2,1,paid
2903,2,1,"lidar,"
2904,2,3,GOT
2905,2,1,lunch!
2906,2,1,segment
2907,2,2,why
2908,2,1,"Hollywood,"
2909,2,1,RAINHAAAAAAAAAAAAAAAAA
2910,2,1,Lemonade
2911,2,1,gracefully
2912,2,1,nominated.
2913,2,1,Donald
2914,2,1,@Power_STARZ.
2915,2,1,ser√°
2916,2,1,L√∫cifer
2917,2,1,molestando
2918,2,45,Matt
2919,2,1,premiaciones
2920,2,2,show
2921,2,1,chances
2922,2,1,Once
2923,2,1,cheap
2924,2,1,https://t.co/j2OxTGHrkV
2925,2,1,hace
2926,2,1,estos
2927,2,1,television.
2928,2,1,crashing
2929,2,1,https://t.co/OTuQmYFIkP
2930,2,1,viene.
2931,2,1,We
2932,2,1,ha
2933,2,1,"loser"""
2934,2,1,üòÇüòÇüòÇüòÇüòÇ
2935,2,1,Matt's
2936,2,1,@WarnerChannelLA
2937,2,1,"SON,"
2938,2,2,3
2939,2,1,Avete
2940,2,1,crime
2941,2,1,only
2942,2,1,slog
2943,2,3,black
2944,2,1,#vk
2945,2,1,https://t.co/ThhdGjHAbk
2946,2,3,#LaCornisa
2947,2,1,https://t.co/0mllglx4Yp
2948,2,1,dovrebbero
2949,2,1,#TheBigBangTheory
2950,2,1,get
2951,2,1,Cosby
2952,2,1,dope
2953,2,1,SONO
2954,2,1,2016)
2955,2,2,#MrRobot
2956,2,2,made
2957,2,1,2016.
2958,2,1,https://t.co/fOluG8EQuK
2959,2,1,SHOT!
2960,2,2,THE
2961,2,1,j√°
2962,2,1,celebrate
2963,2,1,#AmericanCrimeStory
2964,2,6,#EmmyNaWarner
2965,2,1,Because
2966,2,1,descer
2967,2,1,married
2968,2,1,‚Äî
2969,2,2,#RamiMalek
2970,2,1,Dragons
2971,2,1,partir
2972,2,2,jokes
2973,2,1,dearest
2974,2,1,Sofri
2975,2,2,wish
2976,2,1,https://t.co/mu9MGIlBDH
2977,2,2,#OJ
2978,2,1,where
2979,2,1,Vamossss!!!!!!!
2980,2,1,TATIANA
2981,2,2,award.
2982,2,1,conducci√≥n
2983,2,1,amor.
2984,2,1,Todos
2985,2,1,https://t.co/OFPdmt55lZ
2986,2,3,Melhor
2987,2,2,Good
2988,2,1,Tatiana's
2989,2,1,insulting
2990,2,1,That
2991,2,1,@Showtime
2992,2,1,missing
2993,2,1,enough
2994,2,1,mind.
2995,2,1,estar
2996,2,1,estas
2997,2,1,between
2998,2,1,nominees
2999,2,1,reading
3000,2,1,"CULO,"
3001,2,1,CARALH
3002,2,2,pr√™mio
3003,2,1,FOR
3004,2,1,#GoPackGo
3005,2,1,https://t.co/8QiDiRBo44
3006,2,1,CRYING!!!!
3007,2,1,honest.
3008,2,1,comedic
3009,2,2,awards
3010,2,3,como
3011,2,1,@jillsoloway
3012,2,2,20
3013,2,1,ahahahahaha
3014,2,4,ja
3015,2,1,Nrcc
3016,2,1,many
3017,2,1,-Matt
3018,2,12,la
3019,2,1,admit
3020,2,1,Alison
3021,2,1,palco!
3022,2,1,can't
3023,2,1,otherwise
3024,2,1,Cobrindo
3025,2,1,"host,"
3026,2,1,sabendo
3027,2,1,üëè‚ù§üëä
3028,2,1,vestido.
3029,2,1,Jimmy's
3030,2,8,por
3031,2,1,Lol
3032,2,1,60
3033,2,1,anti
3034,2,1,winners:
3035,2,4,jimmy
3036,2,1,Ramiüò≥üò≥
3037,2,1,https://t.co/P5embbkcaN
3038,2,1,Borat
3039,2,1,tiene
3040,2,1,better
3041,2,1,"Ooh,"
3042,2,1,Get
3043,2,1,tremendous
3044,2,3,it's
3045,2,3,But
3046,2,1,https://t.co/xAk15EUcFR
3047,2,1,ai
3048,2,1,hottie??
3049,2,1,üòúüëèüòúüëè
3050,2,1,entregan
3051,2,1,#SterlingBrown
3052,2,1,Polmar.
3053,2,4,√â
3054,2,1,moved
3055,2,1,https://t.co/k7NEiwBvqW
3056,2,1,https://t.co/Uv9m3PbzxF
3057,2,1,relevante
3058,2,1,mocking
3059,2,2,COMO
3060,2,1,https://t.co/lvy9Qmronu
3061,2,1,Jason
3062,2,1,spirit
3063,2,1,those
3064,2,2,That's
3065,2,1,case
3066,2,1,@CourtneyBVance
3067,2,2,these
3068,2,1,appearance
3069,2,1,fƒ±tratƒ±nda
3070,2,1,FOLKS
3071,2,1,zuando
3072,2,1,joke
3073,2,1,Horizonte
3074,2,1,buen
3075,2,2,MORE
3076,2,1,person!
3077,2,1,@OfficialJLD
3078,2,1,vi
3079,2,1,questi
3080,2,1,https://t.co/j6qXrAutIP
3081,2,2,someone
3082,2,1,Pretty
3083,2,1,watched
3084,2,1,DIT
3085,2,1,https://t.co/KcnHxLIwgK
3086,2,1,anos
3087,2,1,mesmo
3088,2,1,acides
3089,2,2,different
3090,2,1,facul/col√©gio
3091,2,1,parte
3092,2,1,rooting
3093,2,1,https://t.co/HvxPPZCIHc
3094,2,1,https://t.co/Og4kespZ0s
3095,2,1,same
3096,2,1,food
3097,2,1,speech
3098,2,5,damon
3099,2,1,#Rai4
3100,2,1,sonhar
3101,2,1,rami
3102,2,1,com√©dia::::
3103,2,37,I
3104,2,2,IS
3105,2,1,internet?
3106,2,1,v.
3107,2,2,running
3108,2,1,IL
3109,2,1,Ancora
3110,2,1,IN
3111,2,1,totally
3112,2,1,Yes
3113,2,1,steals
3114,2,2,tenho
3115,2,1,HugoGloss:
3116,2,1,#everything
3117,2,2,i
3118,2,1,whole
3119,2,2,Is
3120,2,1,It
3121,2,2,TV
3122,2,3,Loki
3123,2,1,Il
3124,2,1,f√≠sica
3125,2,1,If
3126,2,1,pensa
3127,2,1,2B
3128,2,1,#Firefly
3129,2,2,Marcia
3130,2,3,when
3131,2,1,Mother
3132,2,5,qu√©
3133,2,1,https://t.co/gXBO6pgXNv
3134,2,1,nominaci√≥n
3135,2,1,seats
3136,2,1,tough
3137,2,1,Argentina
3138,2,1,unplugged
3139,2,1,clashing
3140,2,1,TRANS
3141,2,1,premiazione???
3142,2,1,QIE
3143,2,1,GOT!
3144,2,1,quello
3145,2,2,Damon!
3146,2,1,Malek
3147,2,5,4
3148,2,1,verso
3149,2,3,Damon.
3150,2,2,categoria
3151,2,1,Yas!
3152,2,2,amo
3153,2,1,bryan
3154,2,1,read
3155,2,1,davvero
3156,2,1,who's
3157,2,1,LAVERNEEE
3158,2,1,#ever
3159,2,1,five
3160,2,1,know
3161,2,3,mom
3162,2,2,tanto
3163,2,1,"away."""
3164,2,1,f*cking
3165,2,1,Movie/Miniseries
3166,2,3,lost
3167,2,1,"perder,"
3168,2,1,lose
3169,2,1,audience
3170,2,1,pago
3171,2,1,Garry
3172,2,6,emmy
3173,2,1,https://t.co/I5J0Rc1k7l
3174,2,1,@GameOfThrones
3175,2,1,"vain,"
3176,2,1,agora:
3177,2,2,twitter
3178,2,1,https://t.co/OMy5vvC5iv
3179,2,1,@jperezy88
3180,2,1,acompa√±ar
3181,2,1,DOWN
3182,2,1,signs!
3183,2,1,https://t.co/bhkg3k3qTl
3184,2,1,"done,"
3185,2,1,empire
3186,2,1,@STARZ
3187,2,1,https://t.co/ujYDPC9IGB
3188,2,1,'Downton
3189,2,1,insieme
3190,2,1,burl√°ndose
3191,2,1,tava
3192,2,1,onde
3193,2,1,Earlier
3194,2,1,EW:
3195,2,2,ese
3196,2,2,does
3197,2,1,https://t.co/xRiUJmGMwl
3198,2,1,esa
3199,2,1,now....
3200,2,1,lembrei
3201,2,1,felt
3202,2,214,#Emmys
3203,2,1,Love‚ù§Ô∏è
3204,2,1,Robot
3205,2,1,SHES
3206,2,1,Un
3207,2,1,;)
3208,2,1,#Notorious
3209,2,1,stage
3210,2,11,on
3211,2,1,https://t.co/jRqUM9XIwg
3212,2,1,favorito
3213,2,1,getting
3214,2,28,of
3215,2,2,favorite
3216,2,1,amanh√£.
3217,2,1,https://t.co/EKyy4yT6KQ
3218,2,1,"atriz,"
3219,2,1,Assim
3220,2,1,@heidiklum
3221,2,1,@LiberatedByGaga
3222,2,1,amanh√£:
3223,2,2,ou
3224,2,1,black-ish
3225,2,5,or
3226,2,1,out.
3227,2,1,Really
3228,2,1,ladies
3229,2,1,Comedic
3230,2,1,"win?"""
3231,2,1,esses
3232,2,1,s√©rio
3233,2,1,Tweet
3234,2,1,Two
3235,2,1,ni√±os
3236,2,1,mic*
3237,2,1,times.
3238,2,9,your
3239,2,1,per
3240,2,1,Week
3241,2,4,vai
3242,2,4,her
3243,2,1,appeared.
3244,2,1,LEMONADE
3245,2,3,there
3246,2,1,Upon
3247,2,1,#howdoyoulikethemapples
3248,2,2,lol
3249,2,1,Amy
3250,2,4,los
3251,2,1,dropping
3252,2,1,racist
3253,2,1,lot
3254,2,1,yrs
3255,2,3,#MattDamon
3256,2,1,you.
3257,2,1,sabemos
3258,2,1,gr√°vido
3259,2,1,Well
3260,2,3,but
3261,2,1,https://t.co/OxchSbRhpu
3262,2,1,@RuPaulsDragRace
3263,2,1,ODEIO
3264,2,1,#lame
3265,2,1,Poehler
3266,2,1,√∫ltimo
3267,2,1,trying
3268,2,13,with
3269,2,1,hottest
3270,2,1,versatile
3271,2,4,he
3272,2,1,fraud
3273,2,1,Tem
3274,2,2,wasn't
3275,2,1,https://t.co/ZXxnjGTrBN
3276,2,1,come√ßa
3277,2,1,IT!!!
3278,2,1,hosting
3279,2,1,@twhiddleston?
3280,2,1,te
3281,2,1,cruel
3282,2,1,lembrar
3283,2,3,agora
3284,2,1,Hiddleston.
3285,2,1,pode
3286,2,1,"JLD,"
3287,2,1,Nosso
3288,2,1,commentatori
3289,2,2,instead
3290,2,1,ad
3291,2,1,https://t.co/cmmr6IGEEO
3292,2,1,West
3293,2,1,feliz
3294,2,1,povo
3295,2,1,penny
3296,2,1,am
3297,2,1,al
3298,2,1,mundo
3299,2,9,an
3300,2,1,How
3301,2,3,as
3302,2,1,au
3303,2,15,at
3304,2,2,mejor
3305,2,1,PALCO!
3306,2,1,politics
3307,2,1,@LAlupusLady
3308,2,1,3/4
3309,2,1,princess)
3310,2,1,AAAAAAAAAAAAAAAAAAAA
3311,2,1,beyond
3312,2,1,gay
3313,2,1,"genial,"
3314,2,1,deserve
3315,2,1,https://t.co/hgDNKSGYq9
3316,2,1,"""Big"
3317,2,1,tro√ßo
3318,2,1,fired!!!
3319,2,1,other
3320,2,2,5
3321,2,1,Serenidade
3322,2,8,you
3323,2,2,really
3324,2,1,#Fantastico
3325,2,1,Outstanding
3326,2,1,‚ù§‚ù§‚ù§
3327,2,1,INSTANT√ÇNEA
3328,2,1,https://t.co/HrziicAMTk
3329,2,1,https://t.co/x4UV478vEG
3330,2,1,photos
3331,2,1,sempre
3332,2,1,üòÄüòÄüòçüíñüíñ!!
3333,2,1,trabalha/tem
3334,2,1,segu√≠s
3335,2,1,u
3336,2,1,porra
3337,2,1,Bitches
3338,3,1,wussies!
3339,3,6,all
3340,3,1,since
3341,3,1,forget
3342,3,1,Lead
3343,3,1,https://t.co/IQG2l3CJ3p
3344,3,1,#PeoplevsOJSimpson
3345,3,1,yellow
3346,3,1,sleek
3347,3,1,#RedCarpet!
3348,3,1,2¬∫
3349,3,1,Lodge
3350,3,1,@OrphanBlack
3351,3,1,party.
3352,3,1,ERIC
3353,3,12,Winter
3354,3,1,up.
3355,3,1,whose
3356,3,1,https://t.co/7rvJoT9IdX
3357,3,1,https://t.co/YIEr7yeuZJ
3358,3,1,@AndySamberg
3359,3,1,adorable!!!
3360,3,1,tu
3361,3,1,Watch
3362,3,1,Lazer's
3363,3,43,to
3364,3,1,MUCH
3365,3,1,https://t.co/ZQEhgGlMix
3366,3,1,sorry
3367,3,2,te
3368,3,1,Self
3369,3,1,ganhar.
3370,3,1,https://t.co/nwQ881cyxn
3371,3,1,Viola
3372,3,12,song
3373,3,1,estrangeira
3374,3,1,https://t.co/RC5W8Qd604
3375,3,1,entrou
3376,3,1,ŸàÿßŸÑŸÑŸá
3377,3,1,(Bronze)
3378,3,1,Ghost
3379,3,1,#que
3380,3,3,I'm
3381,3,1,Sugar
3382,3,1,https://t.co/4CsPD40Uyn
3383,3,1,~~weirdly
3384,3,1,@ReginaKing
3385,3,3,O.J.
3386,3,1,https://t.co/iXsKqUN9sp
3387,3,1,skills
3388,3,1,"Hell."""
3389,3,1,list
3390,3,1,funnier
3391,3,1,https://t.co/p1F6Y1cIuN
3392,3,3,these
3393,3,1,refreshing
3394,3,1,Adivinha:
3395,3,1,Go
3396,3,1,enjoy
3397,3,1,me!
3398,3,1,√©
3399,3,1,"her,"
3400,3,1,me.
3401,3,1,https://t.co/B0xBE8uoDe
3402,3,1,#ThisIsNotTheEndOfOneDirection
3403,3,1,Only
3404,3,12,#≈ûortunuGiySokaƒüa√áƒ±k
3405,3,1,settled
3406,3,1,lawyer
3407,3,1,Recordatorio
3408,3,1,escrib√≠
3409,3,1,BC1_ksa
3410,3,1,expressive
3411,3,1,5.#DowntonAbbey
3412,3,1,https://t.co/6NvjuC40zz
3413,3,1,item:
3414,3,1,YEAH!
3415,3,2,what
3416,3,1,nem
3417,3,1,sua
3418,3,1,"ya,"
3419,3,5,tonight's
3420,3,1,tinaaaa
3421,3,1,https://t.co/wpEIT44E9B
3422,3,1,https://t.co/Qf01QGN9Qr
3423,3,1,Ahhhhh
3424,3,1,Seria‚Ä¶
3425,3,5,This
3426,3,11,Game
3427,3,1,ÿ∞ÿß
3428,3,1,https://t.co/tOs27dW3oj
3429,3,2,new
3430,3,1,experience
3431,3,1,wham
3432,3,3,ever
3433,3,1,dias
3434,3,3,told
3435,3,1,#Earrings
3436,3,1,"Beyonce,"
3437,3,1,categor√≠as
3438,3,1,Fallon
3439,3,1,never
3440,3,1,https://t.co/VMdeW9lfJb
3441,3,4,meu
3442,3,1,POSTOU
3443,3,1,‚ò∫Ô∏è
3444,3,1,üò≠üò≠üò©üò©üò©üòçüòçüòçüòç
3445,3,1,Beyonce?
3446,3,1,Khaleesi
3447,3,1,https://t.co/X0KTIt5iPA
3448,3,1,101
3449,3,1,https://t.co/MC6gFj6VfZ
3450,3,1,üôåüèº
3451,3,2,#Emmys!
3452,3,1,gli
3453,3,1,speeches
3454,3,1,SAID
3455,3,1,daughter
3456,3,1,#Emmys'
3457,3,1,Extra
3458,3,1,muddying
3459,3,1,ŸÉÿßÿßÿßÿßÿßÿßÿ±ÿ´Ÿá
3460,3,1,Queen
3461,3,1,"#Emmys,"
3462,3,1,https://t.co/qiZFjiwGa9)
3463,3,6,#Emmys.
3464,3,1,https://t.co/yom1Jq3aP0
3465,3,1,https://t.co/jx654d6kM7
3466,3,1,https://t.co/jt6PyMUrMZ
3467,3,1,pick
3468,3,1,NOT
3469,3,4,#Emmys:
3470,3,1,https://t.co/fr7NehvDZO
3471,3,2,Emmys
3472,3,1,SHE
3473,3,1,https://t.co/e16TkSMhH4
3474,3,1,https://t.co/FWBaMCdgDe
3475,3,1,Group
3476,3,1,https://t.co/eMu3vidJlY
3477,3,1,campaign
3478,3,1,https://t.co/8VFX8yKXMs
3479,3,1,https://t.co/hxapavDNlg
3480,3,1,https://t.co/EuKeDx7USt
3481,3,1,testa
3482,3,1,#HuffPo
3483,3,1,ninguem
3484,3,1,brought
3485,3,1,instead.
3486,3,1,moral
3487,3,1,https://t.co/0itzQgby3X
3488,3,1,reparations
3489,3,6,@MsSarahPaulson
3490,3,1,total
3491,3,1,https://t.co/8rWmgkMckB
3492,3,1,horse.
3493,3,1,targaryen
3494,3,1,Adodjjalsdkalakslsjakjdla
3495,3,3,mashable:
3496,3,1,Indeed.
3497,3,1,would
3498,3,1,QUE
3499,3,1,https://t.co/aOTvHeQf94
3500,3,1,#SantaGabriela
3501,3,2,two
3502,3,1,almost
3503,3,1,Miley!
3504,3,1,https://t.co/wtnqYfSkCm
3505,3,1,https://t.co/cbSHoHRDqo
3506,3,1,#plusone
3507,3,1,taken
3508,3,1,Co-signed.
3509,3,1,Septemb‚Ä¶
3510,3,1,win..
3511,3,1,assessment
3512,3,1,Nah
3513,3,1,@MashiRafael
3514,3,1,precioso
3515,3,1,https://t.co/ZXyO8rdUxC
3516,3,1,commences
3517,3,1,saber
3518,3,1,apellido)
3519,3,1,re:Asian
3520,3,3,award
3521,3,1,https://t.co/xUqWv2IsiB
3522,3,1,Brown:
3523,3,1,annoying!
3524,3,1,Si
3525,3,1,‚ù§‚ù§‚ù§‚ù§
3526,3,1,https://t.co/daB2RpdIyg
3527,3,1,glam
3528,3,1,@FMatiasARG
3529,3,1,"off,"
3530,3,1,Se
3531,3,1,https://t.co/poXMgMwp6C
3532,3,8,me
3533,3,1,#OlivervKimmel
3534,3,1,Olha
3535,3,1,#tweeting?
3536,3,1,#whycantiwatch
3537,3,1,mi
3538,3,1,brotp
3539,3,1,#Emmy2016
3540,3,1,https://t.co/5O37ErpFrX
3541,3,1,https://t.co/GWwbn8dtGF
3542,3,1,Pops!
3543,3,19,my
3544,3,3,Your
3545,3,1,nino
3546,3,1,https://t.co/GIx7wAyIgA
3547,3,1,https://t.co/m5oNVZaDnS
3548,3,1,io
3549,3,2,La
3550,3,4,Lo
3551,3,1,shameando
3552,3,1,#nakeddress?
3553,3,1,Being
3554,3,1,accept
3555,3,1,https://t.co/sZZDrbcnwD
3556,3,1,https://t.co/ACBpSveCXa
3557,3,1,(Ouro)
3558,3,2,want
3559,3,5,(updating
3560,3,1,morta
3561,3,1,PODEROSA
3562,3,1,CORRECT
3563,3,1,@shockadelicaa
3564,3,1,!
3565,3,1,https://t.co/RtfdqKib5y
3566,3,1,lejos
3567,3,6,very
3568,3,14,amazing
3569,3,5,#ThePeoplevOJSimpson
3570,3,1,commercial
3571,3,1,"win,"
3572,3,2,before
3573,3,1,Holler
3574,3,1,https://t.co/01uMm0j5Q5
3575,3,1,win!
3576,3,2,A
3577,3,1,https://t.co/pIIJcP57hg
3578,3,2,@jimmykimmel
3579,3,1,ÿßŸÑÿßŸÜÿµÿßŸÅ
3580,3,1,plans
3581,3,1,https://t.co/Z1CYRJdKhe
3582,3,1,"ingl√™s,"
3583,3,1,ateus
3584,3,2,!!!!
3585,3,1,after
3586,3,1,.@AppleMusic
3587,3,1,https://t.co/MXZyy8DpG8
3588,3,1,#Topplethepatriarchy
3589,3,1,https://t.co/06rnfX2ZVc
3590,3,1,#mat‚Ä¶
3591,3,1,https://t.co/mIAnG76lft
3592,3,2,las
3593,3,1,https://t.co/ybUizgdvFI
3594,3,1,#Sundaynightparty
3595,3,1,https://t.co/dr3Fe8Kl3g
3596,3,1,‚ô•
3597,3,1,padre
3598,3,1,WEEK!
3599,3,5,wins
3600,3,1,lost
3601,3,1,Enjoyed
3602,3,1,funniest
3603,3,1,grande
3604,3,1,https://t.co/r932ESVElo
3605,3,1,Pon
3606,3,1,pretty.
3607,3,1,https://t.co/CAhL6h8cFx
3608,3,1,Disrupting
3609,3,1,laboratorys
3610,3,1,https://t.co/EghGfnjuW7
3611,3,1,don't
3612,3,2,over
3613,3,2,choose
3614,3,1,https://t.co/iWYYYblvsq
3615,3,1,Laurence
3616,3,1,https://t.co/ZZW6IS1742
3617,3,1,scientist
3618,3,1,paRents
3619,3,1,down.
3620,3,1,.@CSiriano
3621,3,2,#rai4
3622,3,1,Ï†ú
3623,3,1,https://t.co/f1RjBZRhwD
3624,3,1,vida.
3625,3,1,del
3626,3,1,What's
3627,3,1,https://t.co/iUWcO188Fh
3628,3,4,Here
3629,3,1,Punishment
3630,3,1,@MsSarahPaulson!!!üëèüèºüëèüèºüíã
3631,3,1,Mon
3632,3,1,https://t.co/IFXTOSilbD
3633,3,1,it.
3634,3,1,donors
3635,3,1,them
3636,3,3,good
3637,3,1,"""new"
3638,3,1,sucking
3639,3,1,vueltas
3640,3,1,https://t.co/7IiZm94lMw
3641,3,1,https://t.co/SEWxOc1w59
3642,3,1,https://t.co/l4yccfLPPB
3643,3,1,"""ser√°"
3644,3,1,abbiamo?#Emmys
3645,3,1,@ACSFX
3646,3,2,Tambor
3647,3,2,√ó
3648,3,1,https://t.co/8L9VlxMTbL
3649,3,1,sucked
3650,3,1,easily
3651,3,1,ŸÖÿ≥ŸàŸÇÿßÿ™
3652,3,1,rocks
3653,3,1,bless
3654,3,2,--
3655,3,2,cnnbrk:
3656,3,1,https://t.co/1t5WlFDoAR
3657,3,2,Thanks
3658,3,1,levasse
3659,3,1,friendship
3660,3,1,Check
3661,3,1,mean
3662,3,1,https://t.co/yEKfSXHbNz
3663,3,1,https://t.co/RljqC9Wsjm
3664,3,1,diosüòÇ
3665,3,16,series
3666,3,1,#DigitalMarket‚Ä¶
3667,3,1,Winner
3668,3,1,https://t.co/7ru01hksKV
3669,3,1,toda
3670,3,1,GOOD
3671,3,1,https://t.co/fAazYIVR3A
3672,3,1,todo
3673,3,1,missed
3674,3,1,god
3675,3,1,https://t.co/mR1U0vElFQ
3676,3,1,Gina
3677,3,1,üåö
3678,3,1,@AHSFX
3679,3,1,https://t.co/PTnDXdURCz
3680,3,1,https://t.co/xE8TBO6PKD
3681,3,1,encourage
3682,3,1,raras!!!...
3683,3,1,got
3684,3,1,rn
3685,3,3,IS
3686,3,1,https://t.co/MONuxm0kCo
3687,3,1,Oh...my...God...Not
3688,3,1,foto
3689,3,3,‚ù§Ô∏è
3690,3,1,Nicely
3691,3,5,like
3692,3,1,reason
3693,3,1,wins!
3694,3,1,serie.
3695,3,1,https://t.co/uF1jWxFBFQ
3696,3,1,"serie,"
3697,3,1,ET
3698,3,2,EW
3699,3,1,https://t.co/hMXyT8CZ0w
3700,3,1,beginning
3701,3,1,verg√ºenza
3702,3,1,Primero
3703,3,1,https://t.co/JHVD8mmnRI
3704,3,1,vida
3705,3,1,azizansari's
3706,3,1,Monday
3707,3,3,People
3708,3,1,woman's
3709,3,1,days
3710,3,1,filter
3711,3,1,üòêüòê.
3712,3,1,https://t.co/W1urhnqzKp
3713,3,1,w
3714,3,1,prender
3715,3,1,üòçüòòüòòüòòüëèüëè
3716,3,1,Es
3717,3,2,YOU'RE
3718,3,1,SKSKSKOSKSK
3719,3,1,est√°
3720,3,2,gan√≥
3721,3,1,feel
3722,3,1,Huge
3723,3,1,Please
3724,3,1,l√°!
3725,3,1,dona
3726,3,5,mejor
3727,3,1,Ha!I
3728,3,2,done
3729,3,1,.LastWeekTonight
3730,3,12,#AtamYavuzSultanSELƒ∞M
3731,3,1,Sasha!
3732,3,1,https://t.co/7K7s4BAqAH
3733,3,1,https://t.co/2bj0m4FyAp
3734,3,1,"Congratulations,"
3735,3,2,giphy
3736,3,1,stage
3737,3,1,story
3738,3,1,thoughts.
3739,3,1,https://t.co/GF7ecYeNk6
3740,3,1,OUTSTANDING
3741,3,1,encuadrando.
3742,3,1,üôÑüòÇ
3743,3,1,engagement
3744,3,1,hangs
3745,3,1,"c√°?...."""
3746,3,1,entende
3747,3,1,too
3748,3,1,https://t.co/RqrQWZsoWm
3749,3,1,https://t.co/DuzBrZv0jU
3750,3,1,As√≠
3751,3,13,listen
3752,3,1,B
3753,3,1,Rare
3754,3,4,para
3755,3,1,YAS
3756,3,1,falando
3757,3,2,part
3758,3,1,Fun
3759,3,1,WORKED
3760,3,1,https://t.co/Tc8RIDhBW3
3761,3,1,Ÿàÿßÿ≠ÿßŸàŸÑ
3762,3,1,üçéüçèüçéüçè
3763,3,1,#ICYMI:
3764,3,1,sto
3765,3,1,ACTRESS
3766,3,2,Louis-Dreyfus
3767,3,1,#TeamSherlock
3768,3,1,See
3769,3,1,ÏûëÌíàÏÉÅ
3770,3,1,tonight!!!!!
3771,3,1,https://t.co/6op85ZrbZI
3772,3,1,https://t.co/KGdif6AOia
3773,3,1,inspiration.
3774,3,1,episodio
3775,3,3,After
3776,3,5,este
3777,3,1,fashion
3778,3,1,dan
3779,3,1,@anthonyanderson
3780,3,1,"season,"
3781,3,1,Floor
3782,3,1,God
3783,3,1,https://t.co/XqC3XeVYwt
3784,3,1,Father
3785,3,1,Angela
3786,3,1,queria
3787,3,1,amyyyy
3788,3,1,(El
3789,3,1,https://t.co/pkqYGTLXN8
3790,3,1,cad√™
3791,3,1,https://t.co/ncs8GkV12B
3792,3,1,4.#LaDS
3793,3,1,https://t.co/dKOOPoio8i
3794,3,1,Darden's
3795,3,1,@LouieAnderson
3796,3,1,https://t.co/ZWUT6MIlQJ
3797,3,1,https://t.co/AgfYA0wQAH
3798,3,1,[VIDEO]
3799,3,6,-
3800,3,1,https://t.co/GQhIpjgCTQ
3801,3,1,Cochran
3802,3,1,RACE
3803,3,1,https://t.co/1NWZkktzzO
3804,3,1,ŸÑÿßÿ≥ÿ™ÿ≠ŸÇÿ™
3805,3,1,panties
3806,3,1,@BrooksBrothers.
3807,3,1,Jones
3808,3,1,nivel
3809,3,1,girl's
3810,3,1,Raga
3811,3,1,https://t.co/dqE3dhJNBD
3812,3,1,ÿ¥ŸÉŸÑŸä
3813,3,1,classy
3814,3,1,https://t.co/8HP7tX5VDH
3815,3,2,#Fant√°stico
3816,3,1,"IMPORTANT""---Howard"
3817,3,1,https://t.co/4bcBMv00KT
3818,3,1,essa
3819,3,3,most
3820,3,1,"change,"
3821,3,1,Mendo!
3822,3,7,The
3823,3,1,@amnan_naeem
3824,3,1,https://t.co/bRVoDx8bCv
3825,3,1,CUTE.
3826,3,1,"Limits"""
3827,3,1,cortitos
3828,3,3,minha
3829,3,1,https://t.co/fHVDicrFts
3830,3,1,night!
3831,3,1,https://t.co/VgDUlGav9n
3832,3,1,Election
3833,3,1,"halloween?"""
3834,3,1,Its
3835,3,1,came
3836,3,1,Perfect
3837,3,1,pie.
3838,3,1,RAINHA
3839,3,2,nao
3840,3,1,tequila
3841,3,2,queen
3842,3,1,üôåüèæüôåüèæüôåüèæüôåüèæüôåüèæüôåüèæ
3843,3,1,@miazapanta
3844,3,1,https://t.co/XB1XVBvEg5
3845,3,1,https://t.co/2gJe1vvjSx
3846,3,4,SO
3847,3,1,https://t.co/QuFc1H1JRe
3848,3,1,https://t.co/J3JUafoShA
3849,3,1,#HandMade
3850,3,1,busy
3851,3,1,üëèüèæüëèüèæ
3852,3,6,just
3853,3,1,securing
3854,3,1,https://t.co/Q6Z1wxLiqE
3855,3,1,REAL!
3856,3,1,Muslim
3857,3,1,speciale!üòì
3858,3,1,ahead.
3859,3,1,salvou
3860,3,1,Melhor
3861,3,4,#MattDamon
3862,3,1,here's
3863,3,2,pretty
3864,3,1,ÿßŸÑÿß
3865,3,1,https://t.co/NU4432Idb2
3866,3,1,https://t.co/qeWWvpPvrG
3867,3,1,Celebrate
3868,3,1,wearing
3869,3,5,do
3870,3,1,@HillaryClinton
3871,3,2,#CerimoniaDeEncerramento
3872,3,1,https://t.co/MBtAgfN7Mh
3873,3,1,di
3874,3,1,https://t.co/0EzdGc6nXT
3875,3,4,@iamjohnoliver
3876,3,2,watch
3877,3,1,@JimmyKimmelLive
3878,3,1,https://t.co/nasTNX0Any
3879,3,1,feels
3880,3,1,"√©,"
3881,3,1,https://t.co/2XGCfCCoee
3882,3,1,imprimir
3883,3,1,Quick
3884,3,1,OMG
3885,3,2,him
3886,3,1,Deco
3887,3,1,https://t.co/1ggahcw84f
3888,3,1,Yaaaaaaaaaaaaaassssssssssss!!!
3889,3,1,officially
3890,3,1,https://t.co/rZkitnifnU
3891,3,1,https://t.co/7NMd5UeRiC
3892,3,1,RIOT.
3893,3,1,üòÇüòÇüòÇ
3894,3,1,‚ô•‚ô•‚ô•
3895,3,1,https://t.co/e9dzSsw2km
3896,3,2,https://t.co/ocsZvSecwu
3897,3,1,befuddled~~....
3898,3,1,seu
3899,3,1,hagan
3900,3,1,Soloway
3901,3,2,For
3902,3,1,https://t.co/FtqEkFHRvZ
3903,3,1,https://t.co/JIrwBd1O0U
3904,3,1,https://t.co/CHJwh8EnQm
3905,3,1,see
3906,3,1,full
3907,3,1,forever.
3908,3,1,Oliver&gt;Todos
3909,3,1,Umm
3910,3,1,sem
3911,3,3,John
3912,3,16,best
3913,3,2,rainha
3914,3,1,buen√≠sima!
3915,3,1,#GreaseLive
3916,3,1,creme
3917,3,1,away
3918,3,1,a√±o...
3919,3,1,Xx
3920,3,1,LOVES!!
3921,3,1,Sono
3922,3,1,won
3923,3,1,VIDEO
3924,3,1,üëçüëäüëèüôå
3925,3,1,Amy
3926,3,1,approach
3927,3,1,monsters
3928,3,1,alguien
3929,3,1,knowing
3930,3,2,we
3931,3,1,tonight!!
3932,3,1,loves
3933,3,1,apresentar
3934,3,1,‚Å¶https://t.co/8BNqAutFDj
3935,3,1,badass
3936,3,3,were
3937,3,1,d√°
3938,3,1,excellence!
3939,3,1,https://t.co/0vHk37jzM1
3940,3,1,AndySamberg.
3941,3,1,LastWeekTonight
3942,3,1,"seriously,"
3943,3,1,https://t.co/Ir5jIaCTiu
3944,3,1,$
3945,3,1,https://t.co/KG0hLVhdms
3946,3,1,falar
3947,3,1,nom?
3948,3,1,"""Hey"
3949,3,1,una
3950,3,1,https://t.co/SF7rrtVBT6
3951,3,1,#designer
3952,3,1,https://t.co/K9Tjg9piDX)
3953,3,1,https://t.co/bW2TzX8KlI
3954,3,1,Yes
3955,3,1,Lime
3956,3,1,whole
3957,3,1,https://t.co/oMFnzuYYna
3958,3,1,merece.
3959,3,1,con
3960,3,1,drunk
3961,3,1,"Kit,"
3962,3,2,Esperando
3963,3,1,https://t.co/eKlY9ueame
3964,3,7,Snow
3965,3,1,live)
3966,3,1,https://t.co/EwQhCJt3fe
3967,3,1,Shout
3968,3,1,pessoal
3969,3,1,#GRLOLPopCulture
3970,3,1,https://t.co/PfHuPxBXOo
3971,3,1,https://t.co/PsEW3Ojt6q
3972,3,1,WHERES
3973,3,1,"now,"
3974,3,1,strong
3975,3,2,I've
3976,3,3,Emmy
3977,3,1,https://t.co/Or0j8ONwVk)
3978,3,2,been
3979,3,1,.
3980,3,1,Most
3981,3,1,puta
3982,3,1,üò≠‚ù§Ô∏è
3983,3,1,tina
3984,3,1,Cosita
3985,3,1,Saul
3986,3,1,https://t.co/1dzd5gKYuE
3987,3,1,"""one"
3988,3,1,website
3989,3,1,https://t.co/pcnM2QWXg0
3990,3,1,#news
3991,3,1,https://t.co/LWQzsMik0Q
3992,3,2,crying
3993,3,1,STUNNING!
3994,3,1,https://t.co/ntjUuYZVqH
3995,3,1,like.
3996,3,1,https://t.co/eY5q0OE7xM
3997,3,1,Tombada
3998,3,1,fosse
3999,3,1,wish
4000,3,1,Yang
4001,3,1,ver...
4002,3,1,bidding
4003,3,1,muri√≥
4004,3,1,ÏóêÎØ∏ÏÉÅ
4005,3,1,spin
4006,3,1,ÿßŸÑÿ™ŸàÿßÿµŸÑ
4007,3,1,straight
4008,3,1,n
4009,3,1,Tengo
4010,3,1,fue
4011,3,1,duran
4012,3,1,https://t.co/1Y30GixVAg
4013,3,1,https://t.co/n8Wke4jfHZ
4014,3,1,#movie
4015,3,1,metade
4016,3,1,"contenti,"
4017,3,1,servicios
4018,3,1,https://t.co/99w8tmrjYe
4019,3,1,üòåüíïüôÜ
4020,3,12,it
4021,3,1,LOL
4022,3,1,Til
4023,3,1,Ellie
4024,3,1,il
4025,3,1,https://t.co/RdhAvBf1W4
4026,3,1,Courtney
4027,3,1,ia
4028,3,1,pics
4029,3,1,domani
4030,3,1,https://t.co/MTatXo4wI2
4031,3,1,if
4032,3,1,funny
4033,3,2,Jeffrey
4034,3,1,https://t.co/JIQIJLNZer
4035,3,1,Born
4036,3,1,make
4037,3,1,"""I"
4038,3,1,https://t.co/ouPVanaSWW
4039,3,1,vendan
4040,3,1,https://t.co/fPKMWVZOTU
4041,3,2,babies
4042,3,1,Wins
4043,3,1,catfights
4044,3,1,millie
4045,3,1,OmGGGGG
4046,3,1,"""Y"
4047,3,1,day
4048,3,1,"KylieJenner,"
4049,3,1,used
4050,3,1,l'aria.
4051,3,1,manchi
4052,3,1,https://t.co/BFr4ZfwUqu
4053,3,1,https://t.co/Dr7mBzrtdd
4054,3,1,hang
4055,3,1,Curtam
4056,3,1,@HuffingtonPost
4057,3,1,https://t.co/zFjtaXloHm
4058,3,1,gonna
4059,3,1,it!Killing
4060,3,1,jealous
4061,3,1,JAY-Z
4062,3,1,https://t.co/c214hGDqUb
4063,3,5,Limited
4064,3,1,Ve
4065,3,6,she
4066,3,1,Oliver!
4067,3,1,people.
4068,3,1,Ÿáÿ∞Ÿá
4069,3,1,T
4070,3,2,Son
4071,3,1,https://t.co/Y4zteuGQQ3
4072,3,1,model!!
4073,3,1,eles
4074,3,1,#MSM
4075,3,1,greatest
4076,3,1,representin
4077,3,1,mother
4078,3,6,y
4079,3,1,claims
4080,3,58,the
4081,3,1,hacen
4082,3,1,left
4083,3,1,Sarah
4084,3,1,#O.J.Simpson:
4085,3,2,#ÿ¥Ÿáÿ±Ÿäÿßÿ±
4086,3,3,De
4087,3,1,https://t.co/jDNLPKhShw
4088,3,1,https://t.co/Vnz30jZ5rS
4089,3,1,https://t.co/NtbqwgYX7K
4090,3,1,"sorry,"
4091,3,1,Style
4092,3,2,Crime
4093,3,1,https://t.co/N6N40o9FtT
4094,3,1,We're
4095,3,1,üòâüòâ
4096,3,2,yes
4097,3,5,Kit
4098,3,1,https://t.co/ZZdLAilJ3m
4099,3,1,@Bmarquitos
4100,3,1,previous
4101,3,1,Torres
4102,3,1,antes
4103,3,3,#EmmysPorWarner
4104,3,1,family
4105,3,1,Gay
4106,3,1,@tonygoldwyn
4107,3,1,#WebTT
4108,3,1,definitivo.
4109,3,1,ela
4110,3,1,ü§î
4111,3,2,üòçüòç
4112,3,1,hay
4113,3,1,https://t.co/dlo3EniSUy
4114,3,1,https://t.co/pfE1HFD5IM
4115,3,3,respeita
4116,3,1,https://t.co/u5nEVU6FEQ
4117,3,1,@thatmarciaclark
4118,3,10,has
4119,3,1,https://t.co/Tz85ZdBlAS
4120,3,1,entero
4121,3,3,...
4122,3,1,ago.
4123,3,4,Oh
4124,3,1,Did
4125,3,1,James
4126,3,1,Glam
4127,3,1,fact:
4128,3,1,game
4129,3,1,Definitely
4130,3,1,#Confetti
4131,3,1,apt
4132,3,1,Uuuhh
4133,3,1,linda
4134,3,3,Emilia
4135,3,2,bit
4136,3,1,Wing
4137,3,1,https://t.co/nEfiJyBOYm
4138,3,1,üòÇüòÇ
4139,3,1,vir
4140,3,1,Trump
4141,3,1,CC:
4142,3,1,https://t.co/jiddsi6k4o
4143,3,1,Sinta
4144,3,1,ninguna
4145,3,3,Are
4146,3,1,that's
4147,3,1,Poundcake
4148,3,1,Find
4149,3,1,https://t.co/u7OlzXqxPv
4150,3,1,old
4151,3,1,Literally
4152,3,2,"""You're"
4153,3,1,KNEW
4154,3,1,some
4155,3,1,https://t.co/vcNfsenPm1
4156,3,1,standing
4157,3,1,b4
4158,3,1,https://t.co/T0YJv7bIMa
4159,3,1,HI
4160,3,1,Andy
4161,3,1,https://t.co/YX1zpu1OkL
4162,3,1,anyways...
4163,3,1,aquele
4164,3,1,SOOOOOO
4165,3,1,confusing
4166,3,1,gostei!
4167,3,3,"""The"
4168,3,1,https://t.co/8WXGflh1Sq
4169,3,1,creativo
4170,3,33,for
4171,3,1,phenomenal
4172,3,1,Quando
4173,3,1,tonight!
4174,3,1,per
4175,3,2,uma
4176,3,1,https://t.co/TQdaOUes0V
4177,3,1,quote
4178,3,1,Chris
4179,3,1,https://t.co/toz6O5LqgQ
4180,3,2,He
4181,3,1,coisas
4182,3,3,be
4183,3,1,cry
4184,3,1,https://t.co/4h7GL86Lgp
4185,3,1,https://t.co/FJBcSaqw8H
4186,3,1,https://t.co/ISRl5KH8pT
4187,3,1,dental
4188,3,1,090008
4189,3,1,merecido
4190,3,1,#Blackish
4191,3,1,father.
4192,3,1,Davis
4193,3,2,CNNent:
4194,3,3,by
4195,3,2,Y'all
4196,3,1,&lt;ÏÖúÎ°ù:Ïú†Î†πÏã†Î∂Ä&gt;
4197,3,1,"clutch,"
4198,3,1,deserved
4199,3,1,5¬∫
4200,3,6,o
4201,3,16,drama
4202,3,1,peliculas
4203,3,1,https://t.co/HoBsJM535j
4204,3,1,https://t.co/8sJPR88me2
4205,3,1,wanna
4206,3,1,#Broughttoheel
4207,3,2,Best
4208,3,1,https://t.co/k2DBrLwwfE
4209,3,1,https://t.co/9dcSaaIE3d
4210,3,1,@ABCNetwork
4211,3,1,Ela
4212,3,1,üòçüòéüòÇ
4213,3,1,https://t.co/KPKywj8aIQ
4214,3,2,son
4215,3,1,https://t.co/bkvTAxjb7j
4216,3,1,sos
4217,3,1,llev√≥
4218,3,4,v.
4219,3,1,#LievSchreiber
4220,3,1,5dm
4221,3,4,n√©
4222,3,2,ISIS
4223,3,1,..
4224,3,1,https://t.co/Ca6zYsavfD
4225,3,1,tennis
4226,3,1,#EmmyForMaslany
4227,3,1,'People
4228,3,1,https://t.co/7nTiR23wFK
4229,3,1,ÏàòÏÉÅ!!!
4230,3,1,God.
4231,3,12,:
4232,3,10,was
4233,3,1,poder
4234,3,1,happy
4235,3,1,68Ìöå
4236,3,3,Congratulations
4237,3,1,https://t.co/DDiQ4lvvbD
4238,3,1,DNC
4239,3,1,Plemons
4240,3,2,something
4241,3,1,Adweek
4242,3,1,ÿßŸÑÿ®ŸÜÿ™
4243,3,1,back
4244,3,1,https://t.co/KEho99uHIb
4245,3,2,serie
4246,3,1,https://t.co/Vo8fTYpCQG
4247,3,1,familia
4248,3,1,https://t.co/ZD8iJ2C95w
4249,3,1,Z
4250,3,1,true
4251,3,1,Stella's
4252,3,2,&lt;3
4253,3,1,hair
4254,3,1,@batonia_store
4255,3,1,https://t.co/SIGlgeT1Un
4256,3,1,https://t.co/RU4XxeQDkd
4257,3,3,up
4258,3,1,vivo
4259,3,1,tell
4260,3,1,Vou
4261,3,1,vem?
4262,3,1,"""Are"
4263,3,2,more
4264,3,1,called
4265,3,1,https://t.co/IxFdbdywsg
4266,3,1,ACEITA
4267,3,1,necesito
4268,3,1,makeup!
4269,3,1,Merecido
4270,3,1,ÿßÿ∞ÿß
4271,3,1,Tina
4272,3,1,YAAAAAASSSSSSSSSSS
4273,3,1,Variety
4274,3,1,cover
4275,3,1,https://t.co/trCEVZ2eMl
4276,3,1,PORRAAAAAAAAA
4277,3,1,old!!!
4278,3,1,#AnthonyAnderson
4279,3,1,chat
4280,3,1,https://t.co/PXYPzGAWRf
4281,3,3,Te
4282,3,1,@CNN
4283,3,1,ni
4284,3,1,#tv
4285,3,1,ÿ¨ŸÖŸäÿπ
4286,3,6,no
4287,3,2,TV
4288,3,3,na
4289,3,2,Series!
4290,3,6,when
4291,3,1,ne
4292,3,1,‚Å¶https://t.co/sCToBQgsl0
4293,3,1,#bestdressed
4294,3,1,‚Å¶https://t.co/BCXeVCH4BW
4295,3,2,role
4296,3,1,shakira
4297,3,1,https://t.co/jT6BUL1g3L
4298,3,1,https://t.co/JRLUfS0ERP
4299,3,2,transgender
4300,3,1,HAPPY
4301,3,1,https://t.co/CZ1hSDaueO
4302,3,1,"POINT"""
4303,3,1,ur
4304,3,2,E
4305,3,1,@YaraShahidi
4306,3,1,WATCH:
4307,3,1,it's
4308,3,1,https://t.co/BWfgLP6cJO
4309,3,1,#awesome
4310,3,1,Homosexual
4311,3,1,dos
4312,3,1,mirando
4313,3,1,charming
4314,3,4,live):
4315,3,1,https://t.co/TYEkitG1J1
4316,3,1,https://t.co/RurPbnh6Bv
4317,3,1,https://t.co/3eZ1sxbnzv
4318,3,1,Representation.
4319,3,1,longer
4320,3,1,"gosh,"
4321,3,1,Ah
4322,3,1,Newark.
4323,3,1,https://t.co/raEkr740wV
4324,3,1,together
4325,3,1,https://t.co/Oc66wVsclI
4326,3,1,#t‚Ä¶
4327,3,1,hella
4328,3,1,Cox.
4329,3,1,https://t.co/dvynY60eGX
4330,3,1,time
4331,3,1,Ay
4332,3,1,#pilotseason
4333,3,1,#LastWeekTonight
4334,3,1,once
4335,3,1,celebs
4336,3,5,out
4337,3,1,quero
4338,3,2,gluten
4339,3,1,https://t.co/TQhejB27Ci
4340,3,1,üëèüëèüëèüëèüëèüëè
4341,3,1,https://t.co/E74mOrdkEL
4342,3,1,Non
4343,3,8,#Emmys2016
4344,3,4,ver
4345,3,1,gostosa
4346,3,1,kkkkkkk
4347,3,1,https://t.co/Qvw2rxBiNH
4348,3,1,Gonna
4349,3,1,https://t.co/eFpvNw8Hiz
4350,3,1,üëå
4351,3,1,https://t.co/i8Y72sPs0l
4352,3,1,dracarys!!!!1
4353,3,1,https://t.co/aFx0HDXDVd
4354,3,1,AM√âM
4355,3,1,https://t.co/840NLez93u
4356,3,1,esa
4357,3,1,Anything
4358,3,4,could
4359,3,13,choice
4360,3,1,Cosas
4361,3,1,Flawless
4362,3,1,Gimme
4363,3,1,Yang's
4364,3,1,#JudithLeiberCouture
4365,3,1,@Jakelawler42
4366,3,1,Where
4367,3,1,"No,"
4368,3,1,3¬∫
4369,3,1,#TheStrain
4370,3,2,Just
4371,3,1,bring
4372,3,1,https://t.co/OPo7q62fxt
4373,3,1,best!
4374,3,1,shitting
4375,3,1,dia
4376,3,1,wait
4377,3,1,Cheerios.
4378,3,1,https://t.co/u6iirZhDF1
4379,3,1,(Adweek)
4380,3,1,https://t.co/CgUzlK4oii
4381,3,1,#Fashion
4382,3,1,Bond.
4383,3,1,stay
4384,3,1,George
4385,3,1,guardando
4386,3,1,distasteful
4387,3,1,üì∑
4388,3,1,QUEEN
4389,3,1,https://t.co/lHJTD4WLZH
4390,3,1,cuantas
4391,3,1,sweeps
4392,3,1,crapcan
4393,3,1,"Why,"
4394,3,2,video
4395,3,1,story:
4396,3,1,#CNN
4397,3,1,https://t.co/7Q3le8vJgb
4398,3,1,#PSA!
4399,3,1,üò¢üò¢
4400,3,1,WHAT
4401,3,1,festivos
4402,3,1,dei
4403,3,1,#DavidSeaman
4404,3,1,Pois
4405,3,2,Alan
4406,3,2,waiting
4407,3,2,Que
4408,3,1,@AbigailPodsche1
4409,3,1,Clutch
4410,3,1,https://t.co/BynAy7o43W
4411,3,1,ÿπÿ®ÿ±
4412,3,2,Me
4413,3,1,Vance
4414,3,1,#SavingPrivateRyan..
4415,3,1,https://t.co/xvvPH5C2lL)
4416,3,1,Light
4417,3,1,#TransparentTV
4418,3,1,1.#Emmys
4419,3,1,Mi
4420,3,1,https://t.co/Ga97nvlq5p
4421,3,1,https://t.co/Qk2475B2Be
4422,3,1,"online,"
4423,3,1,https://t.co/WJyjWiKROa
4424,3,2,melhor
4425,3,1,https://t.co/a6wMnylsGC
4426,3,1,ditado
4427,3,1,Hahaha
4428,3,1,along
4429,3,1,https://t.co/gv1fVYwHna
4430,3,1,üí™
4431,3,1,üíï
4432,3,1,great
4433,3,1,Stunning!
4434,3,1,frenemies
4435,3,1,EVER
4436,3,1,üíü
4437,3,1,@violadavis
4438,3,1,https://t.co/lDQYsmHrM7
4439,3,1,#LosAngeles
4440,3,1,Download
4441,3,1,thru!!!
4442,3,1,makes
4443,3,1,di√≥
4444,3,1,EXCLAMATION
4445,3,1,claro
4446,3,1,writer
4447,3,1,Ariel
4448,3,1,#auction
4449,3,1,febrero
4450,3,1,https://t.co/PfiONXqg8E
4451,3,1,SMH
4452,3,1,3.#AmericanCrimeStory
4453,3,1,atriz
4454,3,1,emmys
4455,3,1,V√°rios
4456,3,1,hahahahaha
4457,3,2,from
4458,3,1,https://t.co/0EE1iAqeIf
4459,3,1,usa
4460,3,7,‚Ä¶
4461,3,1,#mbc25
4462,3,1,Lindos!
4463,3,1,https://t.co/P33yuAj2JB
4464,3,1,next
4465,3,1,few
4466,3,1,live
4467,3,1,vivir
4468,3,1,"18/09/16,"
4469,3,1,"""Off"
4470,3,1,congratulates
4471,3,1,adorable.
4472,3,1,fey
4473,3,1,ÿßŸÑÿÆÿßÿµ
4474,3,1,Mom
4475,3,1,https://t.co/xphC4KhoMC
4476,3,1,ŸÑŸÖÿ™ÿ¨ÿ±
4477,3,1,impress
4478,3,1,19/09/2016
4479,3,1,voces
4480,3,1,Feud
4481,3,1,Bey
4482,3,1,everywhere
4483,3,1,üëèüëèüëè
4484,3,1,couch.
4485,3,1,https://t.co/n9CbdkZQxL
4486,3,2,voc√™
4487,3,1,https://t.co/oLPIMCyHm1
4488,3,1,streaming??
4489,3,4,So
4490,3,1,https://t.co/LZstXCmjQr
4491,3,1,https://t.co/AZrUtQjAYh
4492,3,1,#limelight
4493,3,1,Beyonc√©.
4494,3,1,https://t.co/KAwiP7j5pN
4495,3,2,can
4496,3,1,usano
4497,3,1,https://t.co/v1YHFaOBQH
4498,3,1,23:00
4499,3,1,sabe
4500,3,2,porque
4501,3,1,Fannibal!
4502,3,2,nada
4503,3,1,https://t.co/9q0zvmcb7W
4504,3,1,#TheMartian
4505,3,2,didn't
4506,3,1,fuck
4507,3,2,heard
4508,3,1,https://t.co/6yg8hvCRog
4509,3,5,his
4510,3,1,#DNCLeaks
4511,3,1,Damon
4512,3,1,"""Seven"
4513,3,1,üò©üò≠
4514,3,1,YOUR
4515,3,1,Fantastic.
4516,3,1,Ya
4517,3,1,watching
4518,3,1,@GooseQuest
4519,3,1,IMDb:
4520,3,1,till
4521,3,5,winners
4522,3,1,it!!!!!
4523,3,1,gosh
4524,3,1,speaks
4525,3,1,intelligent
4526,3,2,Why
4527,3,1,These
4528,3,1,https://t.co/PGaxNyh59K
4529,3,3,mas
4530,3,19,de
4531,3,1,HAPPENING
4532,3,1,primeiro
4533,3,1,@TheEmmys
4534,3,1,waters
4535,3,1,https://t.co/3Jp6ejWRhs
4536,3,1,Days
4537,3,1,mismo
4538,3,1,https://t.co/Cgvp5daDDQ
4539,3,1,https://t.co/2NEMfUMf6a
4540,3,1,mad
4541,3,1,lejos....
4542,3,1,justi√ßa
4543,3,1,https://t.co/RY5wOu72pV
4544,3,1,‚ù§‚ù§‚ù§‚ù§‚ù§‚ù§
4545,3,1,https://t.co/7LdcJOZ9Ec
4546,3,1,#TraceeEllisRoss
4547,3,1,https://t.co/grvlhJLW1s
4548,3,1,natural
4549,3,1,ÿπŸàÿ±ŸÜŸä
4550,3,1,https://t.co/EYg7mvN1o7
4551,3,4,Series
4552,3,1,descubr√≠
4553,3,2,su
4554,3,1,https://t.co/JEP9D64zq3
4555,3,1,q
4556,3,1,si
4557,3,6,so
4558,3,1,out.
4559,3,1,https://t.co/RIZ5E1BZaj
4560,3,1,HANDS
4561,3,2,ainda
4562,3,1,talk
4563,3,3,cute
4564,3,1,https://t.co/LWhM680zaR
4565,3,1,Jay
4566,3,2,years
4567,3,1,course
4568,3,1,own
4569,3,1,https://t.co/jht1lZTJoA
4570,3,1,ahhhhhhhhhüòçüòçüòçüòçüòç
4571,3,1,"mom,"
4572,3,1,vergogno
4573,3,1,genteee
4574,3,1,still
4575,3,1,Lavarne
4576,3,1,jock
4577,3,3,RT
4578,3,1,Ÿäÿ¨ŸÜŸÜŸÜ
4579,3,1,le
4580,3,2,mais
4581,3,1,how
4582,3,1,rojo
4583,3,4,lo
4584,3,3,Congrats
4585,3,3,American
4586,3,1,https://t.co/z6oJm3p22J
4587,3,1,winning
4588,3,1,https://t.co/JQ2XlioDlk
4589,3,1,https://t.co/F81MdE6F4h
4590,3,1,Chimichurri
4591,3,1,won!
4592,3,1,"won,"
4593,3,1,https://t.co/0Mn0QRIA6s
4594,3,1,2016
4595,3,1,world.
4596,3,1,#For√ßaPraSeguir
4597,3,1,üôä
4598,3,1,dad
4599,3,2,Loved
4600,3,2,non
4601,3,1,https://t.co/b3AROuQTot
4602,3,1,year:
4603,3,1,Now!!!
4604,3,1,deserved!!!
4605,3,2,maior
4606,3,1,üíö
4607,3,1,THR's
4608,3,1,deoooos
4609,3,2,She
4610,3,1,kkk
4611,3,1,üò¢
4612,3,2,not
4613,3,1,DIVING
4614,3,1,killed
4615,3,1,serumaninho
4616,3,1,"Silicon,"
4617,3,1,https://t.co/nXmNv85TPJ
4618,3,1,name
4619,3,1,#SorrisoMarotoNoMultishow
4620,3,1,https://t.co/1rzuBeUtOS
4621,3,1,"joke,but"
4622,3,1,@priyankachopra
4623,3,1,"ridiculous,"
4624,3,1,"speech,"
4625,3,1,üòÖ
4626,3,2,THIS
4627,3,1,Amo
4628,3,1,desde
4629,3,3,üòÇ
4630,3,6,üòç
4631,3,6,jokes!
4632,3,1,#LoneWolfterrorism
4633,3,1,Kate
4634,3,2,el
4635,3,1,https://t.co/Ka5TXloi8Z
4636,3,3,en
4637,3,1,https://t.co/W2svAwA551
4638,3,1,"loser"""
4639,3,1,awesome.
4640,3,4,(via
4641,3,1,Nunca
4642,3,1,deserved.
4643,3,1,maschile
4644,3,1,BETRAYED
4645,3,1,https://t.co/q9VxDJeyrN
4646,3,3,eu
4647,3,1,ÿ≥Ÿäÿßÿ±ÿ™ŸÉ
4648,3,1,happen
4649,3,1,deserved!
4650,3,1,@GossipCop:
4651,3,9,es
4652,3,1,falta
4653,3,1,giant
4654,3,6,#emmys
4655,3,1,https://t.co/zBtN8KktqI
4656,3,1,https://t.co/8u55lTk9fq
4657,3,1,#JEB‚ùóÔ∏èüòè
4658,3,4,this
4659,3,1,https://t.co/juXAHMegAY
4660,3,1,rei
4661,3,1,"Cyrus,"
4662,3,1,#OrphanBlack
4663,3,1,hilarious
4664,3,1,cancele
4665,3,1,https://t.co/OhwQtDX0IR
4666,3,1,¬øQui√©n
4667,3,8,Jon
4668,3,1,shows
4669,3,1,Two!!!!
4670,3,1,noche
4671,3,1,https://t.co/DU2SJLMwZg
4672,3,1,b√©same
4673,3,1,https://t.co/9ElqhoPMup
4674,3,1,https://t.co/EKBojOsiIk
4675,3,1,jajajajajaja
4676,3,21,que
4677,3,1,https://t.co/avETxH7N3R
4678,3,1,https://t.co/aHJPHZcx9I
4679,3,1,https://t.co/2rlZwAj2kb
4680,3,1,Jill
4681,3,1,gusta
4682,3,1,https://t.co/0S3PG2ghCc
4683,3,1,ÿßŸÑŸÑŸÇÿ∑Ÿá
4684,3,1,https://t.co/C45y8AKB6h
4685,3,1,https://t.co/3xva1XLyYR
4686,3,1,bicho
4687,3,1,'s
4688,3,1,honest
4689,3,1,thing
4690,3,1,yum
4691,3,1,#MasterofNone
4692,3,1,nominated!!!!!!
4693,3,3,horas
4694,3,1,star
4695,3,2,think
4696,3,1,first
4697,3,1,üòÇüòÇüòÇüòÇ
4698,3,1,JONERYS
4699,3,1,ra√ß√£o
4700,3,1,ŸÖÿ∑ŸÑŸàÿ®
4701,3,1,https://t.co/ghmdiHOO1y
4702,3,2,@LastWeekTonight
4703,3,1,K.
4704,3,2,one
4705,3,1,#IslamicStateOfIraqAndTheLevant
4706,3,1,https://t.co/Uh8SGV47zw)
4707,3,1,https://t.co/XJjDBzqiyi
4708,3,1,ŸÖÿßŸÇŸèÿØŸÖ
4709,3,2,Hollywood
4710,3,1,https://t.co/01fytRUODX
4711,3,1,representin'
4712,3,1,‚Å¶https://t.co/ZSY9ixIApt
4713,3,2,you're
4714,3,1,04:00
4715,3,1,https://t.co/uA9Q1bljaN
4716,3,1,Jezebel
4717,3,1,‚ú®üòç‚ù§Ô∏è
4718,3,1,https://t.co/QMHjWE5FeM
4719,3,1,their
4720,3,1,MARAVILHOSA
4721,3,1,2
4722,3,1,be?
4723,3,1,https://t.co/VXBjHb6pvq
4724,3,1,JOHN
4725,3,1,national
4726,3,1,https://t.co/8nRmJISGCd
4727,3,32,a
4728,3,1,‚Å¶https://t.co/U453fGoLiQ
4729,3,2,big
4730,3,7,that
4731,3,1,https://t.co/NPCR6N1wzB
4732,3,1,https://t.co/PQjJFon70Q
4733,3,1,ÿ™ÿ≠ÿ±ŸÉÿßÿ™
4734,3,1,This.
4735,3,1,viewing
4736,3,1,qual
4737,3,1,sonho?
4738,3,1,Miley
4739,3,1,https://t.co/1EHNOxak4W
4740,3,1,viejaa
4741,3,1,#TalkShowOriginsBattle
4742,3,1,bit.
4743,3,1,television
4744,3,1,https://t.co/ZklsLkvHxG
4745,3,1,Love
4746,3,1,14
4747,3,5,Outstanding
4748,3,1,Come
4749,3,1,pegar
4750,3,1,tradu√ß√£o
4751,3,1,https://t.co/evdYEO0ORf
4752,3,1,https://t.co/vgptI6cfud
4753,3,1,poehler
4754,3,1,sera
4755,3,1,https://t.co/o2cQyOut99
4756,3,1,https://t.co/SnywfpElHr
4757,3,7,are
4758,3,14,and
4759,3,1,DO
4760,3,2,pra
4761,3,1,https://t.co/aFPupWOCwq
4762,3,1,emulate.I
4763,3,1,pro
4764,3,2,ano
4765,3,1,‚Å¶https://t.co/rOUZIlHK3O
4766,3,1,sad
4767,3,1,üëèüèª
4768,3,1,Call
4769,3,11,coming!
4770,3,4,have
4771,3,1,need
4772,3,1,Valley
4773,3,1,any
4774,3,1,https://t.co/dIu3s6mPhH
4775,3,1,ÿßÿ®
4776,3,1,date
4777,3,2,congrats
4778,3,1,https://t.co/BFyphwvc2E
4779,3,1,allergies
4780,3,1,Alicia
4781,3,1,https://t.co/DFmQ9wiAl3
4782,3,1,https://t.co/OoRFzQXn17
4783,3,1,LARRY
4784,3,1,mandarmos
4785,3,1,SERIES
4786,3,1,"üòÇüòÇüòÇ,"
4787,3,1,Leslie
4788,3,1,#ThePeoplevOJSimpson?
4789,3,1,accuracy
4790,3,1,lugar
4791,3,1,üò≠üíñ
4792,3,1,Hughes
4793,3,1,Oliver's
4794,3,1,ÿµŸàŸàŸàÿ™ÿ™ÿ™Ÿáÿß
4795,3,1,mitos
4796,3,1,INTO
4797,3,1,knew
4798,3,1,https://t.co/2nlArGUG26
4799,3,1,https://t.co/DcUDuiRQ6E
4800,3,1,https://t.co/2gbfciPEhq)
4801,3,2,said
4802,3,1,https://t.co/yeJ3wYLEUX
4803,3,1,#Interstellar
4804,3,1,why
4805,3,1,https://t.co/8Q3OufFMNV
4806,3,1,nominated?
4807,3,1,https://t.co/2wIoZxcgOc
4808,3,1,#ChainRocking
4809,3,1,2.#ThisIsNotTheEndOfOneDirection
4810,3,1,https://t.co/EZTWmaBrDR
4811,3,1,diversity
4812,3,1,1¬∫
4813,3,1,Por
4814,3,1,Actress
4815,3,1,face
4816,3,3,looked
4817,3,1,Rai4
4818,3,1,Donald
4819,3,1,mustache
4820,3,1,https://t.co/lDvrvRV0MX
4821,3,1,https://t.co/QUUksDX9MZ
4822,3,1,https://t.co/NPqeOxAvJt
4823,3,1,‚Å¶https://t.co/atYMzDv8vF
4824,3,1,fundraiser
4825,3,1,dessas
4826,3,1,ÿßŸà
4827,3,1,https://t.co/uPxXAYCgxG
4828,3,1,*cough*
4829,3,12,#Okullar1EkimdeA√ßƒ±lƒ±yor
4830,3,1,https://t.co/t6muvCcfrJ
4831,3,1,#MixItUP
4832,3,1,estoy
4833,3,1,maravilhosa
4834,3,6,mashable
4835,3,1,@ColleenB123
4836,3,1,Preciosa
4837,3,1,hack
4838,3,1,"mean,"
4839,3,1,hace
4840,3,1,SAME!
4841,3,1,9-year-old
4842,3,1,BEST
4843,3,1,Fishburne
4844,3,1,@marisam9401
4845,3,1,feminino
4846,3,1,passando
4847,3,11,Thrones
4848,3,1,treasure
4849,3,2,joke.
4850,3,1,should
4851,3,1,FLAWLESS
4852,3,1,only
4853,3,1,there's
4854,3,1,Seria
4855,3,1,telefone
4856,3,1,pensar
4857,3,1,seen.
4858,3,1,https://t.co/u83Po6hwml
4859,3,1,ÿßŸÑÿ¨Ÿàÿßÿ¶ÿ≤
4860,3,1,https://t.co/2S6eObRcqP
4861,3,1,this!
4862,3,1,2016:
4863,3,1,#ÿßŸÑŸÉŸàÿ™ÿ¥_ÿ≥ÿßŸÖŸä_ÿßŸÑÿ¨ÿßÿ®ÿ±
4864,3,5,get
4865,3,1,Louis
4866,3,1,fundo
4867,3,1,Keep
4868,3,1,Laverne
4869,3,1,Same
4870,3,1,https://t.co/OoYyn2yrTS
4871,3,1,THE
4872,3,1,ÿßÿπŸàÿ±Ÿá
4873,3,40,is
4874,3,1,#AmericanCrimeStory
4875,3,3,#EmmyNaWarner
4876,3,1,üò≥üò≥üò≥
4877,3,1,reir
4878,3,1,#GameofThrones
4879,3,1,https://t.co/vRmLtAegAz
4880,3,1,Shop@
4881,3,1,#textingwithparents
4882,3,1,s√©rie/miniss√©rie
4883,3,1,celebrate
4884,3,1,https://t.co/AIVUpPDp93
4885,3,1,CNN:
4886,3,1,üî•üî•üî•üî•
4887,3,1,jokes
4888,3,1,TURN
4889,3,1,t√¥
4890,3,1,lyric
4891,3,1,"tl,"
4892,3,2,where
4893,3,5,Twitter
4894,3,4,looks
4895,3,1,johniadarola
4896,3,12,#YaArtvinYaArtvin
4897,3,1,#film
4898,3,1,‚Å¶https://t.co/wNzb49xWEb
4899,3,1,https://t.co/qWhRDzlocn
4900,3,1,Hermoso
4901,3,1,https://t.co/hM0Ykgzknw
4902,3,4,us
4903,3,1,#ThePeoplevOJSimpson:
4904,3,1,WIN!
4905,3,1,Millie
4906,3,1,https://t.co/uEqvlW2uzY
4907,3,2,ACSFX
4908,3,1,TULSA
4909,3,2,That
4910,3,1,https://t.co/mjTnLeRiHG
4911,3,1,https://t.co/tt5YUgV2og
4912,3,1,https://t.co/cTQX8CRKDV
4913,3,1,@AWirscham
4914,3,1,yass
4915,3,1,estoüëá
4916,3,3,un
4917,3,1,https://t.co/IrimN2pEfr
4918,3,1,https://t.co/Sbfaioiy7z
4919,3,2,between
4920,3,1,juntos!
4921,3,1,Bobs
4922,3,1,NINO
4923,3,1,pr√™mio
4924,3,1,amei
4925,3,1,Goddess
4926,3,1,https://t.co/EejEdfiDMQ
4927,3,1,#GoPackGo
4928,3,1,#NutrishDog
4929,3,1,killing
4930,3,5,como
4931,3,1,https://t.co/srNPuXxKLW
4932,3,2,outfit
4933,3,6,come
4934,3,1,Kemper
4935,3,1,days.
4936,3,1,talented
4937,3,1,https://t.co/r8KdcefT5j
4938,3,1,√®
4939,3,2,la
4940,3,1,Banjar.
4941,3,1,https://t.co/zYAdSaepKw
4942,3,1,Story'
4943,3,1,https://t.co/728F7meYSO
4944,3,1,"way"""
4945,3,2,#Sherlock
4946,3,1,https://t.co/LVhu0OtM5I
4947,3,2,can't
4948,3,1,ÿ®ÿßŸÜÿ™ÿ∏ÿßÿ±
4949,3,1,JimmyKimmel
4950,3,1,!1)27&amp;/!
4951,3,1,https://t.co/NGyNqfwrLJ
4952,3,1,We've
4953,3,1,https://t.co/iSpmISQP5A
4954,3,5,por
4955,3,1,https://t.co/Q18eDkgxoU
4956,3,1,Lol
4957,3,1,üíïüíïüíïüíï
4958,3,1,Los
4959,3,1,https://t.co/X2HVsZu7hw
4960,3,1,lleve
4961,3,1,couldn't
4962,3,1,üëèüèºüëèüèºüëèüèºüëèüèºüëèüèºüëèüèº
4963,3,3,smokin'
4964,3,1,#ŸÑŸáÿ¨Ÿá_ÿπÿ±ÿ®ŸäŸá_ŸàÿØŸÉ_ÿ™ÿ™ÿπŸÑŸÖŸáÿß
4965,3,2,done.
4966,3,1,https://t.co/FJro9uqpAa
4967,3,1,pr√≥ximas
4968,3,1,poll:
4969,3,1,ŸÑŸà
4970,3,1,quis
4971,3,1,https://t.co/TBpk749eMb
4972,3,1,But
4973,3,1,ÿπŸÜ
4974,3,1,https://t.co/EGJhSYa4Tz
4975,3,1,indulgent
4976,3,1,https://t.co/bgcsbGsJ3d
4977,3,1,https://t.co/CqkYWuzw7O
4978,3,1,https://t.co/ffoN0LUbwF
4979,3,1,#Emmys.#badass
4980,3,14,poll!
4981,3,14,@CoxComm's
4982,3,1,waste
4983,3,1,#TheEmmys
4984,3,1,Bud
4985,3,1,venir
4986,3,1,repetido
4987,3,1,https://t.co/pWoPi61fjx
4988,3,1,https://t.co/p35TJr9uNC
4989,3,1,"jimmykimmel,"
4990,3,1,conozco
4991,3,1,dangerous
4992,3,1,‚Å¶https://t.co/98GGNcFC1y
4993,3,1,https://t.co/qqaLyyyk5L
4994,3,1,Bahasa
4995,3,1,friend!
4996,3,2,LINDA
4997,3,1,EWlive:
4998,3,1,https://t.co/sYeKB8nbRn
4999,3,1,https://t.co/i0rSmVIHaB
5000,3,3,an
5001,3,2,And
5002,3,1,#TIMYInDenial
5003,3,1,stessa.
5004,3,1,#HillaryClinton
5005,3,1,tengo
5006,3,1,https://t.co/zJWzdWvrQJ
5007,3,1,üòçüòçüòç
5008,3,2,will
5009,3,4,cast
5010,3,1,https://t.co/3MTRB2xlC4
5011,3,1,https://t.co/pP0RJofAUk
5012,3,1,Lauren
5013,3,1,https://t.co/uwJ5YTKaRi
5014,3,1,"apples!"""
5015,3,2,Homeland
5016,3,1,https://t.co/AT4U5BF0RB
5017,3,1,then
5018,3,1,FEEL
5019,3,1,https://t.co/AuWiO4E7o4
5020,3,1,Better
5021,3,1,https://t.co/m2fEPrjLaE
5022,3,1,asian-american
5023,3,1,https://t.co/Cmmr132mSq
5024,3,3,You
5025,3,1,Quero
5026,3,1,f√°cil
5027,3,1,https://t.co/tAa47zTLCM
5028,3,1,par
5029,3,2,of‚Ä¶
5030,3,1,parte
5031,3,1,JLD
5032,3,1,"lifetimes"""
5033,3,1,https://t.co/oWY0XpWqv2
5034,3,1,Basura
5035,3,2,while
5036,3,1,arielwinter1.
5037,3,1,"""serie"""
5038,3,5,speech
5039,3,1,Plano
5040,3,1,https://t.co/XX3XTODmWj
5041,3,1,#Trump2016
5042,3,1,Silver
5043,3,2,todos
5044,3,1,difficult
5045,3,1,https://t.co/Y0OUEOALYt
5046,3,1,ÿ™ÿ™ÿ®ÿπ
5047,3,23,I
5048,3,1,KCMO
5049,3,1,"sad"""
5050,3,1,J√°
5051,3,1,"d√≠as,"
5052,3,1,üçéüéß
5053,3,1,@pattonoswalt
5054,3,1,raras
5055,3,1,@jimmykimmel!
5056,3,1,https://t.co/RKulohuWxY
5057,3,1,steals
5058,3,1,#Accessories
5059,3,1,HugoGloss:
5060,3,1,üëèüèªüòÖ
5061,3,26,in
5062,3,1,https://t.co/ZjiABYhrMT
5063,3,1,i
5064,3,1,"Veep,"
5065,3,1,Is
5066,3,1,Veep.
5067,3,2,well
5068,3,4,Julia
5069,3,1,"heartfelt,"
5070,3,1,thought
5071,3,1,genio
5072,3,1,WILLüö®üö®
5073,3,1,ARE
5074,3,1,In
5075,3,1,Faux
5076,3,2,uno
5077,3,1,Casual
5078,3,1,#Emmy
5079,3,1,If
5080,3,1,Yassssss
5081,3,1,You're
5082,3,1,0544400694
5083,3,1,TheYoungTurks
5084,3,1,rule?
5085,3,2,they
5086,3,1,should've
5087,3,1,Mother
5088,3,1,ci
5089,3,1,rest
5090,3,1,Michael...
5091,3,1,https://t.co/fsry3rzfcT
5092,3,1,momento
5093,3,2,‚Äî
5094,3,1,Gambling
5095,3,1,ÿßŸÑŸàÿßÿ™ÿ≥
5096,3,1,‚Å¶https://t.co/AW5sEzuIbC
5097,3,1,Sterling
5098,3,1,simult√¢nea
5099,3,2,winner
5100,3,1,TO
5101,3,1,#TeamGoT
5102,3,1,‚Å¶https://t.co/DMHUztBrU3
5103,3,1,Oh!
5104,3,1,https://t.co/9ap4Aayoa7
5105,3,1,Essa
5106,3,1,add
5107,3,1,4
5108,3,1,wet
5109,3,1,#ACS.‚Ä¶
5110,3,3,actors
5111,3,1,ÿ®ÿßÿ™ŸàŸÜŸäÿß
5112,3,1,"lose"""
5113,3,1,categoria
5114,3,1,https://t.co/eW7wXhdqfh
5115,3,4,amo
5116,3,1,cuando
5117,3,1,https://t.co/uCOtuE90nj
5118,3,1,https://t.co/Xwt1Wl5X4F
5119,3,1,estudiar.
5120,3,1,amy
5121,3,1,historia
5122,3,1,Adore
5123,3,3,know
5124,3,3,mom
5125,3,1,tanto
5126,3,1,https://t.co/EitmAOVdMl
5127,3,1,Talk
5128,3,1,LIMITED
5129,3,1,ÿ∑ÿ±ŸäŸÇ
5130,3,1,sanwitches
5131,3,1,Stunning!!
5132,3,1,https://t.co/sbTmtguHig
5133,3,1,Bravo
5134,3,1,babe.
5135,3,1,cosas
5136,3,1,https://t.co/c8xykhYkbz
5137,3,1,Morto
5138,3,1,https://t.co/K2A1SDOWX8
5139,3,3,'Game
5140,3,2,Harington
5141,3,1,https://t.co/r8BulJ7fYW
5142,3,1,https://t.co/5SjaN17KgS
5143,3,1,ammmo
5144,3,2,because
5145,3,1,THEY
5146,3,1,West
5147,3,3,Thrones'
5148,3,1,TVÏòÅÌôîÎ∂ÄÎ¨∏
5149,3,1,DOWN
5150,3,1,ÿÆÿÆÿÆÿÆÿÆÿÆÿÆÿÆ
5151,3,5,My
5152,3,1,horas.
5153,3,1,New
5154,3,1,#Vintage
5155,3,1,yesss
5156,3,1,pana
5157,3,1,https://t.co/RY62c322Jh
5158,3,1,#Advertising
5159,3,1,Men
5160,3,1,aannnnd
5161,3,1,Meu
5162,3,1,EW:
5163,3,1,imprimiendo
5164,3,1,eso
5165,3,1,https://t.co/Zd1eL0O0d3
5166,3,1,#labels
5167,3,1,debuts
5168,3,1,hijo
5169,3,188,#Emmys
5170,3,2,Congrats!
5171,3,1,mangiando
5172,3,3,se
5173,3,1,#JohnnieCochran.
5174,3,1,https://t.co/wnKnHmTDij)
5175,3,1,host
5176,3,1,pq
5177,3,1,cliquem
5178,3,6,&amp;
5179,3,1,ÿ®ÿ∑ŸÜŸä
5180,3,1,senhor....
5181,3,12,on
5182,3,6,about
5183,3,1,ÿßÿ≠ÿ®
5184,3,1,Esta
5185,3,1,Johnny
5186,3,1,oh
5187,3,29,of
5188,3,1,https://t.co/uBQFIMti6y
5189,3,1,favorite
5190,3,1,t√°
5191,3,2,urged
5192,3,1,|
5193,3,1,https://t.co/9TcHqZQFIb
5194,3,1,https://t.co/VhdjEfNmsn
5195,3,1,McKinnon's
5196,3,1,https://t.co/vWyMMoV4ji
5197,3,1,es.
5198,3,1,https://t.co/Vat0eco8vx
5199,3,2,os
5200,3,3,or
5201,3,1,buen√≠simo!
5202,3,1,@JuliaLouisDNet
5203,3,1,ladies
5204,3,3,acceptance
5205,3,2,No
5206,3,1,Two
5207,3,1,Yes!
5208,3,1,descobri
5209,3,1,informal
5210,3,1,https://t.co/tVhQSREMFh
5211,3,1,PlzRT
5212,3,1,Rapes
5213,3,1,https://t.co/DjSpZ3fQLp
5214,3,4,your
5215,3,1,thrones...
5216,3,1,wins!!!
5217,3,1,unas
5218,3,1,4¬∫
5219,3,1,#BlackExcellence
5220,3,6,her
5221,3,1,https://t.co/a9Wy3ROl2R
5222,3,1,now...this
5223,3,3,there
5224,3,1,https://t.co/LIahKBJQBB
5225,3,1,"like?"""
5226,3,10,los
5227,3,1,Graham
5228,3,1,https://t.co/xDaXKC8bzh
5229,3,1,DIOSA!!
5230,3,1,Dayanerys
5231,3,1,you.
5232,3,1,Ac√°
5233,3,1,mockumentary
5234,3,1,"""JEB"
5235,3,1,Catastrophe...
5236,3,1,https://t.co/qsgFrL3kkt
5237,3,1,Yeeeeeeaaaah
5238,3,1,https://t.co/xMtz0PHum9
5239,3,4,Well
5240,3,2,but
5241,3,1,sirve
5242,3,2,reminds
5243,3,1,https://t.co/D7DnMpOFv6
5244,3,1,hi
5245,3,1,bun
5246,3,1,CONGRAAAAAATS!!!
5247,3,2,pessoa
5248,3,8,e
5249,3,1,ha
5250,3,6,with
5251,3,1,#emmy
5252,3,2,he
5253,3,1,Kamus
5254,3,2,hire
5255,3,2,made
5256,3,1,@GMA:
5257,3,1,Tem
5258,3,1,wasn't
5259,3,1,https://t.co/23x5D1rlw9
5260,3,1,maaaa
5261,3,1,g-d
5262,3,1,Dreyfus.
5263,3,1,https://t.co/DLlEaoqX0h
5264,3,1,Bassett
5265,3,1,ŸáŸáŸáŸáŸáŸáŸáŸáŸáŸáŸáŸáŸáŸáŸáŸáŸáŸáŸáŸáŸáŸáŸáŸáŸáŸáŸáŸáŸáŸáŸáŸáŸáŸáŸáŸáŸáŸáŸáŸáŸáŸáŸáŸáŸáŸáŸáŸáŸáŸáŸáŸáŸáŸáŸáŸáŸáŸáŸáŸáŸáŸáŸáŸáŸáŸáŸáŸáŸáŸáŸáŸáŸá
5266,3,2,üëèüèæüëèüèæüëèüèæRT
5267,3,1,Landry!?
5268,3,1,https://t.co/XgKGjKRVxP
5269,3,1,are:
5270,3,1,Jesse
5271,3,1,(Prata)
5272,3,1,"actor,"
5273,3,1,ad
5274,3,1,videos
5275,3,1,cinema
5276,3,2,feliz
5277,3,1,Ganhou
5278,3,1,al
5279,3,1,ao
5280,3,1,fellow
5281,3,1,How
5282,3,1,as
5283,3,24,at
5284,3,1,#AtaqueCambiante
5285,3,2,our
5286,3,1,watched
5287,3,1,https://t.co/5FhG4zsbzT
5288,3,1,An
5289,3,1,girl
5290,3,1,preparazione
5291,3,1,fill
5292,3,1,https://t.co/DeipynoR83
5293,3,1,again
5294,3,1,coisa
5295,3,1,FINALMENTE
5296,3,1,variety
5297,3,1,dressed
5298,3,1,Never
5299,3,1,https://t.co/AhT6i33OCU
5300,3,1,As
5301,3,1,üéâüéä
5302,3,1,swankiest
5303,3,1,quer
5304,3,2,5
5305,3,1,https://t.co/EfxvCT8Ru2
5306,3,1,#ŸÖŸÜ_ŸÖŸÜÿ∑ŸÑŸÇ_ÿÆÿ®ÿ±ÿ™Ÿä_ÿ®ÿßŸÑÿ≠ŸäÿßŸá
5307,3,1,p√°gina
5308,3,13,you
5309,3,1,hilarious!!
5310,3,1,@nzrhznl
5311,3,1,"YESS,"
5312,3,1,https://t.co/TNHJSTWau4
5313,3,1,again.
5314,3,1,Beyonc√©
5315,3,1,https://t.co/klReISdt6t
5316,3,1,@ImAngelaBassett
5317,3,1,Sweeps
5318,3,1,https://t.co/cqY9KxfVnx
5319,3,1,üç∑
5320,3,1,U
5321,3,1,FREE
5322,3,1,kinda
5323,3,1,she's
5324,3,1,https://t.co/OUD47f502N
5325,3,1,Simpson‚Äù
5326,3,1,SLAY!!
5327,3,1,claramente
5328,3,2,"Simpson"""
5329,3,2,Major
5330,3,1,‚Å¶https://t.co/vJdNhvOOO1
5331,3,1,wife
5332,3,1,Meeeeeee
5333,3,1,bb
5334,3,1,"Well,"
5335,3,1,u
5336,3,1,https://t.co/sUNL4TgEzo
5337,3,1,https://t.co/qQxxamu1N2
5338,3,1,"goodness,"
5339,3,1,"news,"
